CID;LAC;BCH;Localization;GPS
10127;8050;777;Brno - Kohoutovice, Axmanova 531/13, panelák, ex 1020x (+GSM);49°11'23.10"N,16°32'13.38"E
10128;8050;792;Brno - Kohoutovice, Axmanova 531/13, panelák, ex 1020x (+GSM);49°11'23.10"N,16°32'13.38"E
10129;8050;818;Brno - Kohoutovice, Axmanova 531/13, panelák, ex 1020x (+GSM);49°11'23.10"N,16°32'13.38"E
10134;8050;4;Brno - Kohoutovice, Axmanova 531/13, panelák, ex 1020x (+DCS);49°11'23.10"N,16°32'13.38"E
10135;8050;12;Brno - Kohoutovice, Axmanova 531/13, panelák, ex 1020x (+DCS);49°11'23.10"N,16°32'13.38"E
10136;8050;2;Brno - Kohoutovice, Axmanova 531/13, panelák, ex 1020x (+DCS);49°11'23.10"N,16°32'13.38"E
10137;8040;797;Brno - Štýøice, Bakalovo nábø. 1-2, bytový dùm, ex 1201x (+GSM);49°11'02.71"N,16°36'02.67"E
10138;8040;820;Brno - Štýøice, Bakalovo nábø. 1-2, bytový dùm, ex 1201x (+GSM);49°11'02.71"N,16°36'02.67"E
10139;8040;776;Brno - Štýøice, Bakalovo nábø. 1-2, bytový dùm, ex 1201x (+GSM);49°11'02.71"N,16°36'02.67"E
10147;8040;13;Brno - Štýøice, Bakalovo nábø. 1-2, bytový dùm, ex 1201x (+DCS);49°11'02.71"N,16°36'02.67"E
10148;8040;16;Brno - Štýøice, Bakalovo nábø. 1-2, bytový dùm, ex 1201x (+DCS);49°11'02.71"N,16°36'02.67"E
10149;8040;7;Brno - Štýøice, Bakalovo nábø. 1-2, bytový dùm, ex 1201x (+DCS);49°11'02.71"N,16°36'02.67"E
10154;8050;819;Brno - Øeèkovice, Banskobystrická 2072/180, ex 1265x;49°14'21.37"N,16°35'00.86"E
10155;8050;797;Brno - Øeèkovice, Banskobystrická 2072/180, ex 1265x;49°14'21.37"N,16°35'00.86"E
10156;8050;791;Brno - Øeèkovice, Banskobystrická 2072/180, ex 1265x;49°14'21.37"N,16°35'00.86"E
10157;8040;783;Brno - Stránice, Barvièova 67/92, ex 1008x (+GSM);49°12'01.39"N,16°34'38.03"E
10158;8040;821;Brno - Stránice, Barvièova 67/92, ex 1008x (+GSM);49°12'01.39"N,16°34'38.03"E
10159;8040;781;Brno - Stránice, Barvièova 67/92, ex 1008x (+GSM);49°12'01.39"N,16°34'38.03"E
10164;8040;11;Brno - Stránice, Barvièova 67/92, ex 1008x (+DCS);49°12'01.39"N,16°34'38.03"E
10165;8040;5;Brno - Stránice, Barvièova 67/92, ex 1008x (+DCS);49°12'01.39"N,16°34'38.03"E
10166;8040;14;Brno - Stránice, Barvièova 67/92, ex 1008x (+DCS);49°12'01.39"N,16°34'38.03"E
10167;8040;812;Brno - Pisárky, Bauerova 491/10, budova u brány 9 BVV, ex 1289x (+O2);49°11'24.73"N,16°34'12.98"E
10168;8040;796;Brno - Pisárky, Bauerova 491/10, budova u brány 9 BVV, ex 1289x (+O2);49°11'24.73"N,16°34'12.98"E
10169;8040;827;Brno - Pisárky, Bauerova 491/10, budova u brány 9 BVV, ex 1289x (+O2);49°11'24.73"N,16°34'12.98"E
10177;8050;814;Brno - Bohunice, Bìloruská 519/18, panelák, ex 1261x;49°10'05.28"N,16°34'55.85"E
10178;8050;790;Brno - Bohunice, Bìloruská 519/18, panelák, ex 1261x;49°10'05.28"N,16°34'55.85"E
10179;8050;785;Brno - Bohunice, Bìloruská 519/18, panelák, ex 1261x;49°10'05.28"N,16°34'55.85"E
10184;8030;784;Brno - Vinohrady, Blatnická 4210/12, panelák, ex 1292x;49°12'33.76"N,16°39'39.37"E
10185;8030;823;Brno - Vinohrady, Blatnická 4210/12, panelák, ex 1292x;49°12'33.76"N,16°39'39.37"E
10186;8030;778;Brno - Vinohrady, Blatnická 4210/12, panelák, ex 1292x;49°12'33.76"N,16°39'39.37"E
10187;8040;780;Brno - Èernovice, Blatouchová 1103/7, panelák, ex 1276x;49°11'06.26"N,16°37'51.55"E
10188;8040;786;Brno - Èernovice, Blatouchová 1103/7, panelák, ex 1276x;49°11'06.26"N,16°37'51.55"E
10189;8040;817;Brno - Èernovice, Blatouchová 1103/7, panelák, ex 1276x;49°11'06.26"N,16°37'51.55"E
10194;8050;794;Brno - Horní Heršpice, Bohunická 620/26, budova v ar. pekáren DELTA, ex 1226x;49°09'48.49"N,16°36'03.36"E
10195;8050;784;Brno - Horní Heršpice, Bohunická 620/26, budova v ar. pekáren DELTA, ex 1226x;49°09'48.49"N,16°36'03.36"E
10196;8050;792;Brno - Horní Heršpice, Bohunická 620/26, budova v ar. pekáren DELTA, ex 1226x;49°09'48.49"N,16°36'03.36"E
10197;8050;784;Brno - Bosonohy, Bosonožské nám. 100/44, ZŠ, ex 3378x;49°10'33.46"N,16°31'47.44"E
10198;8050;790;Brno - Bosonohy, Bosonožské nám. 100/44, ZŠ, ex 3378x;49°10'33.46"N,16°31'47.44"E
10199;8050;828;Brno - Bosonohy, Bosonožské nám. 100/44, ZŠ, ex 3378x;49°10'33.46"N,16°31'47.44"E
10204;8030;828;Brno - Královo Pole, Palackého tø. 2659/166, ex 1260x;49°13'57.77"N,16°35'23.94"E
10205;8030;817;Brno - Královo Pole, Palackého tø. 2659/166, ex 1260x;49°13'57.77"N,16°35'23.94"E
10206;8030;813;Brno - Královo Pole, Palackého tø. 2659/166, ex 1260x;49°13'57.77"N,16°35'23.94"E
10207;8030;1;Brno - Královo Pole, Palackého tø. 2659/166, ex 1260x;49°13'57.77"N,16°35'23.94"E
10208;8030;4;Brno - Královo Pole, Palackého tø. 2659/166, ex 1260x;49°13'57.77"N,16°35'23.94"E
10209;8030;18;Brno - Královo Pole, Palackého tø. 2659/166, ex 1260x;49°13'57.77"N,16°35'23.94"E
10214;8030;831;Brno - Lesná, Brožíkova 40/2, panelák, ex 1278x;49°13'35.70"N,16°37'20.20"E
10215;8030;824;Brno - Lesná, Brožíkova 40/2, panelák, ex 1278x;49°13'35.70"N,16°37'20.20"E
10216;8030;822;Brno - Lesná, Brožíkova 40/2, panelák, ex 1278x;49°13'35.70"N,16°37'20.20"E
10217;8030;823;Brno - Lesná, Brechtova 22/1, panelák, ex 1332x;49°13'57.61"N,16°37'45.74"E
10218;8030;779;Brno - Lesná, Brechtova 22/1, panelák, ex 1332x;49°13'57.61"N,16°37'45.74"E
10219;8030;777;Brno - Lesná, Brechtova 22/1, panelák, ex 1332x;49°13'57.61"N,16°37'45.74"E
10224;8030;777;Brno - Žabovøesky, Králova 643/45, Kaunicovy koleje, maskováno, ex 1365x;49°12'29.38"N,16°34'56.76"E
10225;8030;823;Brno - Žabovøesky, Králova 643/45, Kaunicovy koleje, maskováno, ex 1365x;49°12'29.38"N,16°34'56.76"E
10226;8030;813;Brno - Žabovøesky, Králova 643/45, Kaunicovy koleje, maskováno, ex 1365x;49°12'29.38"N,16°34'56.76"E
10227;8050;783;Brno - Starý Lískovec, Bosonožská 323/15, panelák, ex 1347x;49°09'58.69"N,16°33'10.82"E
10228;8050;781;Brno - Starý Lískovec, Bosonožská 323/15, panelák, ex 1347x;49°09'58.69"N,16°33'10.82"E
10229;8050;819;Brno - Starý Lískovec, Bosonožská 323/15, panelák, ex 1347x;49°09'58.69"N,16°33'10.82"E
10234;8040;1;Brno - Pisárky, Køížkovského, BVV - pavilon E, ex 1202x (+TMO);49°11'09.37"N,16°34'46.97"E
10235;8040;3;Brno - Pisárky, Køížkovského, BVV - pavilon E, ex 1202x (+TMO);49°11'09.37"N,16°34'46.97"E
10236;8040;10;Brno - Pisárky, Køížkovského, BVV - pavilon E, ex 1202x (+TMO);49°11'09.37"N,16°34'46.97"E
10237;8040;827;Brno - Pisárky, Køížkovského, BVV - pavilon E, ex 1202x (+TMO);49°11'09.37"N,16°34'46.97"E
10238;8040;813;Brno - Pisárky, Køížkovského, BVV - pavilon E, ex 1202x (+TMO);49°11'09.37"N,16°34'46.97"E
10239;8040;791;Brno - Pisárky, Køížkovského, BVV - pavilon E, ex 1202x (+TMO);49°11'09.37"N,16°34'46.97"E
10247;8030;829;Brno - Husovice, Cacovická 1228/4, ZŠ, ex 3383x;49°12'52.95"N,16°38'15.77"E
10248;8030;822;Brno - Husovice, Cacovická 1228/4, ZŠ, ex 3383x;49°12'52.95"N,16°38'15.77"E
10249;8030;794;Brno - Husovice, Cacovická 1228/4, ZŠ, ex 3383x;49°12'52.95"N,16°38'15.77"E
10254;8050;790;Brno - Èernovice, Prùmyslová x Švédské valy, pøíhradový st., ex 3408x (+O2);49°10'19.67"N,16°39'53.32"E
10255;8050;783;Brno - Èernovice, Prùmyslová x Švédské valy, pøíhradový st., ex 3408x (+O2);49°10'19.67"N,16°39'53.32"E
10256;8050;786;Brno - Èernovice, Prùmyslová x Švédské valy, pøíhradový st., ex 3408x (+O2);49°10'19.67"N,16°39'53.32"E
10257;8050;13;Brno - Èernovice, Prùmyslová x Švédské valy, pøíhradový st., ex 3408x (+O2);49°10'19.67"N,16°39'53.32"E
10258;8050;20;Brno - Èernovice, Prùmyslová x Švédské valy, pøíhradový st., ex 3408x (+O2);49°10'19.67"N,16°39'53.32"E
10259;8050;18;Brno - Èernovice, Prùmyslová x Švédské valy, pøíhradový st., ex 3408x (+O2);49°10'19.67"N,16°39'53.32"E
10267;8040;776;Brno - Trnitá, Èechyòská 419/14a, administrativní budova, ex 1356x;49°11'18.66"N,16°37'11.47"E
10268;8040;793;Brno - Trnitá, Èechyòská 419/14a, administrativní budova, ex 1356x;49°11'18.66"N,16°37'11.47"E
10269;8040;826;Brno - Trnitá, Èechyòská 419/14a, administrativní budova, ex 1356x;49°11'18.66"N,16°37'11.47"E
10277;8030;793;Brno - Ponava, Cimburkova 540/4, OC Královo Pole, indoor, ex 1378x (+TMO);49°13'00.84"N,16°36'30.29"E
10284;8050;817;Brno - Líšeò, Holzova, pøíhr. stožár v poli, ex 1233x;49°11'34.54"N,16°42'08.46"E
10285;8050;792;Brno - Líšeò, Holzova, pøíhr. stožár v poli, ex 1233x;49°11'34.54"N,16°42'08.46"E
10286;8050;794;Brno - Líšeò, Holzova, pøíhr. stožár v poli, ex 1233x;49°11'34.54"N,16°42'08.46"E
10287;8050;8;Brno - Líšeò, Holzova, pøíhr. stožár v poli, ex 1233x;49°11'34.54"N,16°42'08.46"E
10288;8050;15;Brno - Líšeò, Holzova, pøíhr. stožár v poli, ex 1233x;49°11'34.54"N,16°42'08.46"E
10289;8050;4;Brno - Líšeò, Holzova, pøíhr. stožár v poli, ex 1233x;49°11'34.54"N,16°42'08.46"E
10294;8040;777;Brno - centrum, Dornych 404/4, Tesco, ex 1167x (+O2);49°11'21.30"N,16°36'47.05"E
10295;8040;789;Brno - centrum, Dornych 404/4, Tesco, ex 1167x (+O2);49°11'21.30"N,16°36'47.05"E
10296;8040;823;Brno - centrum, Dornych 404/4, Tesco, ex 1167x (+O2);49°11'21.30"N,16°36'47.05"E
10297;8040;6;Brno - centrum, Dornych 404/4, Tesco, indoor, ex 1167x (+TMO);49°11'21.30"N,16°36'47.05"E
10307;8030;829;Brno - Èerná Pole, Drobného 325/74, bytový dùm, ex 1371x (+GSM);49°12'37.45"N,16°36'41.07"E
10308;8030;795;Brno - Èerná Pole, Drobného 325/74, bytový dùm, ex 1371x (+GSM);49°12'37.45"N,16°36'41.07"E
10309;8030;791;Brno - Èerná Pole, Drobného 325/74, bytový dùm, ex 1371x (+GSM);49°12'37.45"N,16°36'41.07"E
10314;8030;7;Brno - Èerná Pole, Drobného 325/74, bytový dùm, ex 1371x (+DCS);49°12'37.45"N,16°36'41.07"E
10315;8030;16;Brno - Èerná Pole, Drobného 325/74, bytový dùm, ex 1371x (+DCS);49°12'37.45"N,16°36'41.07"E
10316;8030;9;Brno - Èerná Pole, Drobného 325/74, bytový dùm, ex 1371x (+DCS);49°12'37.45"N,16°36'41.07"E
10317;8040;793;Brno - Èerná Pole, Drobného 291/10 x Antonína Slavíka, bytový dùm, ex 1397x;49°12'17.36"N,16°36'49.17"E
10318;8040;825;Brno - Èerná Pole, Drobného 291/10 x Antonína Slavíka, bytový dùm, ex 1397x;49°12'17.36"N,16°36'49.17"E
10319;8040;817;Brno - Èerná Pole, Drobného 291/10 x Antonína Slavíka, bytový dùm, ex 1397x;49°12'17.36"N,16°36'49.17"E
10324;8030;795;Brno - Jundrov, Dubová 644/19, panelák, ex 3234x;49°12'47.74"N,16°33'00.96"E
10325;8030;819;Brno - Jundrov, Dubová 644/19, panelák, ex 3234x;49°12'47.74"N,16°33'00.96"E
10326;8030;815;Brno - Jundrov, Dubová 644/19, panelák, ex 3234x;49°12'47.74"N,16°33'00.96"E
10327;8030;825;Brno - Husovice, Dukelská tøída 1177/59b, bytový dùm, ex 1245x (+GSM);49°12'40.28"N,16°38'03.10"E
10328;8030;778;Brno - Husovice, Dukelská tøída 1177/59b, bytový dùm, ex 1245x (+GSM);49°12'40.28"N,16°38'03.10"E
10329;8030;792;Brno - Husovice, Dukelská tøída 1177/59b, bytový dùm, ex 1245x (+GSM);49°12'40.28"N,16°38'03.10"E
10334;8030;19;Brno - Husovice, Dukelská tøída 1177/59b, bytový dùm, ex 1245x (+DCS);49°12'40.28"N,16°38'03.10"E
10335;8030;13;Brno - Husovice, Dukelská tøída 1177/59b, bytový dùm, ex 1245x (+DCS);49°12'40.28"N,16°38'03.10"E
10336;8030;10;Brno - Husovice, Dukelská tøída 1177/59b, bytový dùm, ex 1245x (+DCS);49°12'40.28"N,16°38'03.10"E
10337;8030;813;Brno - Líšeò, J. Faimonové 2223/6, panelák, ex 1241x;49°12'03.78"N,16°40'47.45"E
10338;8030;19;Brno - Líšeò, J. Faimonové 2223/6, panelák, ex 1241x;49°12'03.78"N,16°40'47.45"E
10339;8030;821;Brno - Líšeò, J. Faimonové 2223/6, panelák, ex 1241x;49°12'03.78"N,16°40'47.45"E
10344;8050;790;Brno - Bystrc, Fleischnerova 928/3, panelák, ex 1052x;49°13'05.27"N,16°30'41.92"E
10345;8050;783;Brno - Bystrc, Fleischnerova 928/3, panelák, ex 1052x;49°13'05.27"N,16°30'41.92"E
10346;8050;795;Brno - Bystrc, Fleischnerova 928/3, panelák, ex 1052x;49°13'05.27"N,16°30'41.92"E
10347;8030;782;Brno - Žabovøesky, Foerstrova 2194/2a, panelák, ex 1007x (+GSM);49°12'59.56"N,16°34'42.55"E
10348;8030;820;Brno - Žabovøesky, Foerstrova 2194/2a, panelák, ex 1007x (+GSM);49°12'59.56"N,16°34'42.55"E
10349;8030;817;Brno - Žabovøesky, Foerstrova 2194/2a, panelák, ex 1007x (+GSM);49°12'59.56"N,16°34'42.55"E
10354;8030;9;Brno - Žabovøesky, Foerstrova 2194/2a, panelák, ex 1007x (+DCS);49°12'59.56"N,16°34'42.55"E
10355;8030;20;Brno - Žabovøesky, Foerstrova 2194/2a, panelák, ex 1007x (+DCS);49°12'59.56"N,16°34'42.55"E
10356;8030;18;Brno - Žabovøesky, Foerstrova 2194/2a, panelák, ex 1007x (+DCS);49°12'59.56"N,16°34'42.55"E
10357;8030;791;Brno - Obøany, Fryèajova 535/153, panelák, ex 1337x;49°14'13.17"N,16°38'39.49"E
10358;8030;794;Brno - Obøany, Fryèajova 535/153, panelák, ex 1337x;49°14'13.17"N,16°38'39.49"E
10364;8050;789;Brno - Ivanovice, hypermarket GLOBUS+BAUMARKT, na rohu budovy, ex 1243x (+O2);49°15'41.88"N,16°34'43.30"E
10367;8050;3;Brno - Ivanovice, hypermarket GLOBUS+BAUMARKT, indoor v BAUMARKTu, ex 1243x (+TMO,+O2);49°15'41.88"N,16°34'43.30"E
10368;8050;1;Brno - Ivanovice, hypermarket GLOBUS+BAUMARKT, indoor v GLOBUSu, ex 1243x (+TMO,+O2);49°15'41.88"N,16°34'43.30"E
10374;8050;783;Brno - Èernovice, Hájecká 1068/14, admin. Budova, ex 1013x (+O2);49°10'20.74"N,16°38'23.37"E
10375;8050;815;Brno - Èernovice, Hájecká 1068/14, admin. Budova, ex 1013x (+O2);49°10'20.74"N,16°38'23.37"E
10376;8050;778;Brno - Èernovice, Hájecká 1068/14, admin. Budova, ex 1013x (+O2);49°10'20.74"N,16°38'23.37"E
10377;8050;1;Brno - Èernovice, Hájecká 1068/14, admin. Budova, ex 1013x (+O2);49°10'20.74"N,16°38'23.37"E
10378;8050;3;Brno - Èernovice, Hájecká 1068/14, admin. Budova, ex 1013x (+O2);49°10'20.74"N,16°38'23.37"E
10379;8050;15;Brno - Èernovice, Hájecká 1068/14, admin. Budova, ex 1013x (+O2);49°10'20.74"N,16°38'23.37"E
10384;8040;827;Brno - Èerná Pole, Helfertova 518/21, bytový dùm, ex 1227x;49°12'21.83"N,16°37'10.07"E
10385;8040;787;Brno - Èerná Pole, Helfertova 518/21, bytový dùm, ex 1227x;49°12'21.83"N,16°37'10.07"E
10386;8040;778;Brno - Èerná Pole, Helfertova 518/21, bytový dùm, ex 1227x;49°12'21.83"N,16°37'10.07"E
10387;8050;821;Brno - Øeèkovice, Horácké nám. 1464/2, panelák, ex 1168x;49°14'51.12"N,16°35'00.28"E
10388;8050;814;Brno - Øeèkovice, Horácké nám. 1464/2, panelák, ex 1168x;49°14'51.12"N,16°35'00.28"E
10389;8050;816;Brno - Øeèkovice, Horácké nám. 1464/2, panelák, ex 1168x;49°14'51.12"N,16°35'00.28"E
10394;8050;790;Brno - Komárov, Hnìvkovského 30/65, budova VÚSH, ex 1244x (+O2);49°10'08.11"N,16°37'37.93"E
10395;8050;817;Brno - Komárov, Hnìvkovského 30/65, budova VÚSH, ex 1244x (+O2);49°10'08.11"N,16°37'37.93"E
10396;8050;813;Brno - Komárov, Hnìvkovského 30/65, budova VÚSH, ex 1244x (+O2);49°10'08.11"N,16°37'37.93"E
10397;8050;4;Brno - Komárov, Hnìvkovského 30/65, budova VÚSH, ex 1244x (+O2);49°10'08.11"N,16°37'37.93"E
10398;8050;11;Brno - Komárov, Hnìvkovského 30/65, budova VÚSH, ex 1244x (+O2);49°10'08.11"N,16°37'37.93"E
10399;8050;1;Brno - Komárov, Hnìvkovského 30/65, budova VÚSH, ex 1244x (+O2);49°10'08.11"N,16°37'37.93"E
10404;8040;779;Brno, Husova 537/10, SŠ umìleckých øemesel, ex 1249x;49°11'36.26"N,16°36'17.84"E
10405;8040;818;Brno, Husova 537/10, SŠ umìleckých øemesel, ex 1249x;49°11'36.26"N,16°36'17.84"E
10406;8040;792;Brno, Husova 537/10, SŠ umìleckých øemesel, ex 1249x;49°11'36.26"N,16°36'17.84"E
10407;8040;1;Brno, Husova 537/10, SŠ umìleckých øemesel, ex 1249x;49°11'36.26"N,16°36'17.84"E
10408;8040;5;Brno, Husova 537/10, SŠ umìleckých øemesel, ex 1249x;49°11'36.26"N,16°36'17.84"E
10409;8040;17;Brno, Husova 537/10, SŠ umìleckých øemesel, ex 1249x;49°11'36.26"N,16°36'17.84"E
10414;8040;812;Brno - Staré Brno, Hybešova 263/23, bytový dùm, ex 1219x;49°11'20.70"N,16°36'15.97"E
10415;8040;787;Brno - Staré Brno, Hybešova 263/23, bytový dùm, ex 1219x;49°11'20.70"N,16°36'15.97"E
10416;8040;814;Brno - Staré Brno, Hybešova 263/23, bytový dùm, ex 1219x;49°11'20.70"N,16°36'15.97"E
10417;8040;3;Brno - Staré Brno, Hybešova 263/23, bytový dùm, ex 1219x;49°11'20.70"N,16°36'15.97"E
10418;8040;8;Brno - Staré Brno, Hybešova 263/23, bytový dùm, ex 1219x;49°11'20.70"N,16°36'15.97"E
10419;8040;15;Brno - Staré Brno, Hybešova 263/23, bytový dùm, ex 1219x;49°11'20.70"N,16°36'15.97"E
10424;8030;784;Brno - Královo Pole, Chodská 2828/19h, panelák, ex 1179x;49°13'03.93"N,16°35'32.94"E
10425;8030;790;Brno - Královo Pole, Chodská 2828/19h, panelák, ex 1179x;49°13'03.93"N,16°35'32.94"E
10426;8030;778;Brno - Královo Pole, Chodská 2828/19h, panelák, ex 1179x;49°13'03.93"N,16°35'32.94"E
10427;8050;779;Brno - Ivanovice, pøíhradový stožár nad R43, ex 1091x (+GSM)(+TMO);49°16'01.05"N,16°34'36.98"E
10428;8050;819;Brno - Ivanovice, pøíhradový stožár nad R43, ex 1091x (+GSM)(+TMO);49°16'01.05"N,16°34'36.98"E
10429;8050;817;Brno - Ivanovice, pøíhradový stožár nad R43, ex 1091x (+GSM)(+TMO);49°16'01.05"N,16°34'36.98"E
10434;8050;16;Brno - Ivanovice, pøíhradový stožár nad R43, ex 1091x (+DCS)(+TMO);49°16'01.05"N,16°34'36.98"E
10435;8050;5;Brno - Ivanovice, pøíhradový stožár nad R43, ex 1091x (+DCS)(+TMO);49°16'01.05"N,16°34'36.98"E
10436;8050;10;Brno - Ivanovice, pøíhradový stožár nad R43, ex 1091x (+DCS)(+TMO);49°16'01.05"N,16°34'36.98"E
10437;8050;795;Brno - Medlánky, Jabloòová 324/2, panelák, ex 1336x (+GSM);49°14'29.51"N,16°34'37.65"E
10438;8050;779;Brno - Medlánky, Jabloòová 324/2, panelák, ex 1336x (+GSM);49°14'29.51"N,16°34'37.65"E
10439;8050;823;Brno - Medlánky, Jabloòová 324/2, panelák, ex 1336x (+GSM);49°14'29.51"N,16°34'37.65"E
10444;8050;21;Brno - Medlánky, Jabloòová 324/2, panelák, ex 1336x (+DCS);49°14'29.51"N,16°34'37.65"E
10447;8040;826;Brno, Masarykova 444/1, ex 1216x (+GSM);49°11'37.55"N,16°36'33.67"E
10448;8040;794;Brno, Masarykova 444/1, ex 1216x (+GSM);49°11'37.55"N,16°36'33.67"E
10449;8040;776;Brno, Masarykova 444/1, ex 1216x (+GSM);49°11'37.55"N,16°36'33.67"E
10454;8040;20;Brno, Masarykova 444/1, ex 1216x (+DCS);49°11'37.55"N,16°36'33.67"E
10455;8040;4;Brno, Masarykova 444/1, ex 1216x (+DCS);49°11'37.55"N,16°36'33.67"E
10456;8040;8;Brno, Masarykova 444/1, ex 1216x (+DCS);49°11'37.55"N,16°36'33.67"E
10457;8040;816;Brno - Veveøí, Jaselská 194/11, bytový dùm, ex 1169x;49°11'54.42"N,16°36'02.39"E
10458;8040;824;Brno - Veveøí, Jaselská 194/11, bytový dùm, ex 1169x;49°11'54.42"N,16°36'02.39"E
10459;8040;1800;Brno - Veveøí, Jaselská 194/11, bytový dùm, ex 1169x;49°11'54.42"N,16°36'02.39"E
10464;8050;783;Brno - Chrlice, Jana Broskvy 388/3, budova ZŠ, ex 1212x (+O2);49°08'04.88"N,16°39'21.04"E
10465;8050;788;Brno - Chrlice, Jana Broskvy 388/3, budova ZŠ, ex 1212x (+O2);49°08'04.88"N,16°39'21.04"E
10466;8050;823;Brno - Chrlice, Jana Broskvy 388/3, budova ZŠ, ex 1212x (+O2);49°08'04.88"N,16°39'21.04"E
10467;8030;824;Brno - Líšeò, Jedovnická, budova teplárny Zetoru, ex 1154x (+GSM);49°11'33.28"N,16°40'10.82"E
10468;8030;815;Brno - Líšeò, Jedovnická, budova teplárny Zetoru, ex 1154x (+GSM);49°11'33.28"N,16°40'10.82"E
10469;8040;787;Brno - Líšeò, Jedovnická, budova teplárny Zetoru, ex 1154x (+GSM);49°11'33.28"N,16°40'10.82"E
10474;8030;1;Brno - Líšeò, Jedovnická, budova teplárny Zetoru, ex 1018x (+DCS);49°11'33.28"N,16°40'10.82"E
10475;8030;17;Brno - Líšeò, Jedovnická, budova teplárny Zetoru, ex 1018x (+DCS);49°11'33.28"N,16°40'10.82"E
10476;8040;15;Brno - Líšeò, Jedovnická, budova teplárny Zetoru, ex 1018x (+DCS);49°11'33.28"N,16°40'10.82"E
10477;8050;794;Brno - Jehnice, mobilní stožár na Z okraji obce, ex 1351x;49°16'13.62"N,16°35'29.74"E
10478;8050;13;Brno - Jehnice, mobilní stožár na Z okraji obce, ex 1351x;49°16'13.62"N,16°35'29.74"E
10484;8050;815;Brno - Bohunice, Jihlavská 340/20, pavilon G fakultní nemocnice, ex 1211x;49°10'29.44"N,16°34'29.25"E
10485;8050;21;Brno - Bohunice, Jihlavská 340/20, pavilon G fakultní nemocnice, ex 1211x;49°10'29.44"N,16°34'29.25"E
10486;8050;820;Brno - Bohunice, Jihlavská 340/20, pavilon G fakultní nemocnice, ex 1211x;49°10'29.44"N,16°34'29.25"E
10487;8040;780;Brno - Veveøí, Jiráskova 116/16 x Grohova 20a, bytový dùm, ex 1359x (+O2);49°12'03.56"N,16°35'47.53"E
10488;8040;795;Brno - Veveøí, Jiráskova 116/16 x Grohova 20a, bytový dùm, ex 1359x (+O2);49°12'03.56"N,16°35'47.53"E
10489;8040;777;Brno - Veveøí, Jiráskova 116/16 x Grohova 20a, bytový dùm, ex 1359x (+O2);49°12'03.56"N,16°35'47.53"E
10494;8040;821;Brno, Jakubské nám., zadní vìž kostela sv. Jakuba, maskováno, ex 1392x;49°11'47.64"N,16°36'31.05"E
10495;8040;814;Brno, Jakubské nám., zadní vìž kostela sv. Jakuba, maskováno, ex 1392x;49°11'47.64"N,16°36'31.05"E
10496;8040;817;Brno, Jakubské nám., zadní vìž kostela sv. Jakuba, maskováno, ex 1392x;49°11'47.64"N,16°36'31.05"E
10497;8040;826;Brno, Joštova 218/10, budova LF MU, ex 1395x (+TMO,+O2);49°11'51.10"N,16°36'09.03"E
10498;8040;776;Brno, Joštova 218/10, budova LF MU, ex 1395x (+TMO,+O2);49°11'51.10"N,16°36'09.03"E
10499;8040;819;Brno, Joštova 218/10, budova LF MU, ex 1395x (+TMO,+O2);49°11'51.10"N,16°36'09.03"E
10504;8030;812;Brno - Lesná, Jurkovièova 251/8, panelák, ex 1029x;49°13'59.60"N,16°37'13.69"E
10505;8030;817;Brno - Lesná, Jurkovièova 251/8, panelák, ex 1029x;49°13'59.60"N,16°37'13.69"E
10506;8030;785;Brno - Lesná, Jurkovièova 251/8, panelák, ex 1029x;49°13'59.60"N,16°37'13.69"E
10507;8040;830;Brno - Židenice, Kamenáèky 3591/4, ZŠ, ex 1218x (+GSM)(+TMO,+O2);49°11'41.21"N,16°39'00.76"E
10508;8040;797;Brno - Židenice, Kamenáèky 3591/4, ZŠ, ex 1218x (+GSM)(+TMO,+O2);49°11'41.21"N,16°39'00.76"E
10509;8040;828;Brno - Židenice, Kamenáèky 3591/4, ZŠ, ex 1218x (+GSM)(+TMO,+O2);49°11'41.21"N,16°39'00.76"E
10514;8040;10;Brno - Židenice, Kamenáèky 3591/4, ZŠ, ex 1218x (+DCS)(+TMO,+O2);49°11'41.21"N,16°39'00.76"E
10515;8040;7;Brno - Židenice, Kamenáèky 3591/4, ZŠ, ex 1218x (+DCS)(+TMO,+O2);49°11'41.21"N,16°39'00.76"E
10516;8040;4;Brno - Židenice, Kamenáèky 3591/4, ZŠ, ex 1218x (+DCS)(+TMO,+O2);49°11'41.21"N,16°39'00.76"E
10517;8040;824;Brno, Zelný trh 300/5, ÈMSS, ex 1215x (+GSM);49°11'30.18"N,16°36'33.60"E
10518;8040;814;Brno, Zelný trh 300/5, ÈMSS, ex 1215x (+GSM);49°11'30.18"N,16°36'33.60"E
10519;8040;831;Brno, Zelný trh 300/5, ÈMSS, ex 1215x (+GSM);49°11'30.18"N,16°36'33.60"E
10524;8040;14;Brno, Zelný trh 300/5, ÈMSS, ex 1215x (+DCS);49°11'30.18"N,16°36'33.60"E
10525;8040;19;Brno, Zelný trh 300/5, ÈMSS, ex 1215x (+DCS);49°11'30.18"N,16°36'33.60"E
10526;8040;10;Brno, Zelný trh 300/5, ÈMSS, ex 1215x (+DCS);49°11'30.18"N,16°36'33.60"E
10527;8040;820;Brno - Židenice, Karáskovo nám. 2791/19, ex 1217x (+GSM);49°11'51.87"N,16°38'26.16"E
10528;8040;793;Brno - Židenice, Karáskovo nám. 2791/19, ex 1217x (+GSM);49°11'51.87"N,16°38'26.16"E
10529;8040;813;Brno - Židenice, Karáskovo nám. 2791/19, ex 1217x (+GSM);49°11'51.87"N,16°38'26.16"E
10534;8040;14;Brno - Židenice, Karáskovo nám. 2791/19, ex 1217x (+DCS);49°11'51.87"N,16°38'26.16"E
10535;8040;12;Brno - Židenice, Karáskovo nám. 2791/19, ex 1217x (+DCS);49°11'51.87"N,16°38'26.16"E
10536;8040;16;Brno - Židenice, Karáskovo nám. 2791/19, ex 1217x (+DCS);49°11'51.87"N,16°38'26.16"E
10537;8050;796;Brno - Øeèkovice, Karásek 1767/1, nejsev. budova v ar. fy PLIVA-LACHEMA, ex 1251x;49°15'12.01"N,16°35'30.85"E
10538;8050;812;Brno - Øeèkovice, Karásek 1767/1, nejsev. budova v ar. fy PLIVA-LACHEMA, ex 1251x;49°15'12.01"N,16°35'30.85"E
10539;8050;824;Brno - Øeèkovice, Karásek 1767/1, nejsev. budova v ar. fy PLIVA-LACHEMA, ex 1251x;49°15'12.01"N,16°35'30.85"E
10544;8050;796;Brno - Bystrc, Kubíèkova 868/1, panelák, ex 1381x;49°13'07.98"N,16°31'07.14"E
10545;8050;814;Brno - Bystrc, Kubíèkova 868/1, panelák, ex 1381x;49°13'07.98"N,16°31'07.14"E
10546;8050;781;Brno - Bystrc, Kubíèkova 868/1, panelák, ex 1381x;49°13'07.98"N,16°31'07.14"E
10547;8050;10;Brno - Bystrc, Kubíèkova 868/1, panelák, ex 1381x;49°13'07.98"N,16°31'07.14"E
10548;8050;17;Brno - Bystrc, Kubíèkova 868/1, panelák, ex 1381x;49°13'07.98"N,16°31'07.14"E
10549;8050;1;Brno - Bystrc, Kubíèkova 868/1, panelák, ex 1381x;49°13'07.98"N,16°31'07.14"E
10554;8040;784;Brno - Zábrdovice, Kornerova 221/1, bytový dùm, ex 1195x;49°11'56.63"N,16°37'06.53"E
10555;8040;823;Brno - Zábrdovice, Kornerova 221/1, bytový dùm, ex 1195x;49°11'56.63"N,16°37'06.53"E
10556;8040;792;Brno - Zábrdovice, Kornerova 221/1, bytový dùm, ex 1195x;49°11'56.63"N,16°37'06.53"E
10557;8040;20;Brno - Zábrdovice, Kornerova 221/1, bytový dùm, ex 1194x;49°11'56.63"N,16°37'06.53"E
10558;8040;5;Brno - Zábrdovice, Kornerova 221/1, bytový dùm, ex 1194x;49°11'56.63"N,16°37'06.53"E
10559;8040;16;Brno - Zábrdovice, Kornerova 221/1, bytový dùm, ex 1194x;49°11'56.63"N,16°37'06.53"E
10564;8050;818;Brno - Starý Lískovec, Kosmonautù 414/9, panelák, ex 1210x;49°09'57.32"N,16°33'57.99"E
10565;8050;826;Brno - Starý Lískovec, Kosmonautù 414/9, panelák, ex 1210x;49°09'57.32"N,16°33'57.99"E
10566;8050;814;Brno - Starý Lískovec, Kosmonautù 414/9, panelák, ex 1210x;49°09'57.32"N,16°33'57.99"E
10567;8040;818;Brno - Veveøí, Kotláøská 665/26, bytový dùm, ex 1175x;49°12'24.67"N,16°36'05.42"E
10568;8040;790;Brno - Veveøí, Kotláøská 665/26, bytový dùm, ex 1175x;49°12'24.67"N,16°36'05.42"E
10569;8040;785;Brno - Veveøí, Kotláøská 665/26, bytový dùm, ex 1175x;49°12'24.67"N,16°36'05.42"E
10574;8040;777;Brno - Veveøí, Kounicova 290/51, bytový dùm, ex 1259x;49°12'11.40"N,16°35'59.06"E
10575;8040;814;Brno - Veveøí, Kounicova 290/51, bytový dùm, ex 1259x;49°12'11.40"N,16°35'59.06"E
10576;8040;783;Brno - Veveøí, Kounicova 290/51, bytový dùm, ex 1259x;49°12'11.40"N,16°35'59.06"E
10577;8040;786;Brno - Komárov, Kováøská 206/16, ex 1153x (+GSM);49°11'03.06"N,16°37'16.29"E
10578;8040;795;Brno - Komárov, Kováøská 206/16, ex 1153x (+GSM);49°11'03.06"N,16°37'16.29"E
10579;8040;783;Brno - Komárov, Kováøská 206/16, ex 1153x (+GSM);49°11'03.06"N,16°37'16.29"E
10584;8040;1;Brno - Komárov, Kováøská 206/16, ex 1031x (+DCS);49°11'03.06"N,16°37'16.29"E
10585;8040;7;Brno - Komárov, Kováøská 206/16, ex 1031x (+DCS);49°11'03.06"N,16°37'16.29"E
10586;8040;18;Brno - Komárov, Kováøská 206/16, ex 1031x (+DCS);49°11'03.06"N,16°37'16.29"E
10587;8040;812;Brno, Kozí 27/2, ex 1000x (+GSM);49°11'43.30"N,16°36'36.00"E
10588;8040;822;Brno, Kozí 27/2, ex 1000x (+GSM);49°11'43.30"N,16°36'36.00"E
10589;8040;820;Brno, Kozí 27/2, ex 1000x (+GSM);49°11'43.30"N,16°36'36.00"E
10594;8040;2;Brno, Kozí 27/2, ex 1000x (+DCS);49°11'43.30"N,16°36'36.00"E
10595;8040;6;Brno, Kozí 27/2, ex 1000x (+DCS);49°11'43.30"N,16°36'36.00"E
10596;8040;11;Brno, Kozí 27/2, ex 1000x (+DCS);49°11'43.30"N,16°36'36.00"E
10597;8040;813;Brno - Èerná Pole, tø. kpt. Jaroše 1934/17, ubytovna PÈR, ex 1239x (+GSM)(+O2);49°12'08.06"N,16°36'34.25"E
10598;8040;794;Brno - Èerná Pole, tø. kpt. Jaroše 1934/17, ubytovna PÈR, ex 1239x (+GSM)(+O2);49°12'08.06"N,16°36'34.25"E
10599;8040;788;Brno - Èerná Pole, tø. kpt. Jaroše 1934/17, ubytovna PÈR, ex 1239x (+GSM)(+O2);49°12'08.06"N,16°36'34.25"E
10604;8040;18;Brno - Èerná Pole, tø. kpt. Jaroše 1934/17, ubytovna PÈR, ex 1239x (+DCS)(+O2);49°12'08.06"N,16°36'34.25"E
10605;8040;6;Brno - Èerná Pole, tø. kpt. Jaroše 1934/17, ubytovna PÈR, ex 1239x (+DCS)(+O2);49°12'08.06"N,16°36'34.25"E
10606;8040;8;Brno - Èerná Pole, tø. kpt. Jaroše 1934/17, ubytovna PÈR, ex 1239x (+DCS)(+O2);49°12'08.06"N,16°36'34.25"E
10607;8040;780;Brno - Staré Brno, Køídlovická 697/12, bytový dùm, ex 1379x;49°11'17.01"N,16°35'49.01"E
10608;8040;812;Brno - Staré Brno, Køídlovická 697/12, bytový dùm, ex 1379x;49°11'17.01"N,16°35'49.01"E
10609;8040;817;Brno - Staré Brno, Køídlovická 697/12, bytový dùm, ex 1379x;49°11'17.01"N,16°35'49.01"E
10614;8040;793;Brno - Trnitá, Køenová 181/55, ex 1003x;49°11'28.74"N,16°37'21.93"E
10615;8040;782;Brno - Trnitá, Køenová 181/55, ex 1003x;49°11'28.74"N,16°37'21.93"E
10616;8040;821;Brno - Trnitá, Køenová 181/55, ex 1003x;49°11'28.74"N,16°37'21.93"E
10617;8040;3;Brno - Trnitá, Køenová 181/55, ex 1003x;49°11'28.74"N,16°37'21.93"E
10618;8040;11;Brno - Trnitá, Køenová 181/55, ex 1003x;49°11'28.74"N,16°37'21.93"E
10619;8040;17;Brno - Trnitá, Køenová 181/55, ex 1003x;49°11'28.74"N,16°37'21.93"E
10624;8030;789;Brno - Královo Pole, Køižíkova 106/15, budova uèilištì, ex 1206x (+O2);49°13'28.63"N,16°36'38.04"E
10625;8030;783;Brno - Královo Pole, Køižíkova 106/15, budova uèilištì, ex 1206x (+O2);49°13'28.63"N,16°36'38.04"E
10626;8030;792;Brno - Královo Pole, Køižíkova 106/15, budova uèilištì, ex 1206x (+O2);49°13'28.63"N,16°36'38.04"E
10627;8030;788;Brno - Žabovøesky, Kubánská 2402/9, nízký panelák, ex 1372x;49°12'46.19"N,16°34'51.20"E
10628;8030;792;Brno - Žabovøesky, Kubánská 2402/9, nízký panelák, ex 1372x;49°12'46.19"N,16°34'51.20"E
10629;8030;786;Brno - Žabovøesky, Kubánská 2402/9, nízký panelák, ex 1372x;49°12'46.19"N,16°34'51.20"E
10634;8050;825;Brno - Starý Lískovec, Labská 153/31, panelák, ex 1221x;49°10'14.05"N,16°33'28.73"E
10635;8050;816;Brno - Starý Lískovec, Labská 153/31, panelák, ex 1221x;49°10'14.05"N,16°33'28.73"E
10636;8050;786;Brno - Starý Lískovec, Labská 153/31, panelák, ex 1221x;49°10'14.05"N,16°33'28.73"E
10637;8040;797;Brno - Veveøí, Lidická 711/59, HVB Bank, ex 1364x;49°12'17.52"N,16°36'20.04"E
10638;8040;822;Brno - Veveøí, Lidická 711/59, HVB Bank, ex 1364x;49°12'17.52"N,16°36'20.04"E
10639;8040;782;Brno - Veveøí, Lidická 711/59, HVB Bank, ex 1364x;49°12'17.52"N,16°36'20.04"E
10644;8040;784;Brno - Stránice, Lerchova 289/1 x Barvièova 2, bytový dùm, ex 1338x;49°11'43.21"N,16°35'07.69"E
10645;8040;7;Brno - Stránice, Lerchova 289/1 x Barvièova 2, bytový dùm, ex 1338x;49°11'43.21"N,16°35'07.69"E
10646;8040;830;Brno - Stránice, Lerchova 289/1 x Barvièova 2, bytový dùm, ex 1338x;49°11'43.21"N,16°35'07.69"E
10647;8030;789;Brno - Èerná Pole, Zemìdìlská 810/3 x Lesnická 37, budova B MZLU, ex 1369x;49°12'38.58"N,16°37'05.08"E
10648;8030;819;Brno - Èerná Pole, Zemìdìlská 810/3 x Lesnická 37, budova B MZLU, ex 1369x;49°12'38.58"N,16°37'05.08"E
10649;8030;785;Brno - Èerná Pole, Zemìdìlská 810/3 x Lesnická 37, budova B MZLU, ex 1369x;49°12'38.58"N,16°37'05.08"E
10654;8050;16;Brno - Kohoutovice, Libušino údolí 514/150, panelák, ex 1229x (+TMO);49°11'53.81"N,16°32'51.64"E
10655;8050;20;Brno - Kohoutovice, Libušino údolí 514/150, panelák, ex 1229x (+TMO);49°11'53.81"N,16°32'51.64"E
10656;8050;12;Brno - Kohoutovice, Libušino údolí 514/150, panelák, ex 1229x (+TMO);49°11'53.81"N,16°32'51.64"E
10657;8030;826;Brno - Líšeò, Martina Køíže 1050/1, ex 1283x (+GSM);49°12'33.43"N,16°41'36.97"E
10658;8030;782;Brno - Líšeò, Martina Køíže 1050/1, ex 1283x (+GSM);49°12'33.43"N,16°41'36.97"E
10659;8030;821;Brno - Líšeò, Martina Køíže 1050/1, ex 1283x (+GSM);49°12'33.43"N,16°41'36.97"E
10664;8030;17;Brno - Líšeò, Martina Køíže 1050/1, ex 1283x (+DCS);49°12'33.43"N,16°41'36.97"E
10665;8030;2;Brno - Líšeò, Martina Køíže 1050/1, ex 1283x (+DCS);49°12'33.43"N,16°41'36.97"E
10666;8030;8;Brno - Líšeò, Martina Køíže 1050/1, ex 1283x (+DCS);49°12'33.43"N,16°41'36.97"E
10667;8030;776;Brno - Malomìøice, Karlova 933/7, ex 1157x (+GSM);49°12'48.43"N,16°38'39.60"E
10668;8030;815;Brno - Malomìøice, Karlova 933/7, ex 1157x (+GSM);49°12'48.43"N,16°38'39.60"E
10669;8030;788;Brno - Malomìøice, Karlova 933/7, ex 1157x (+GSM);49°12'48.43"N,16°38'39.60"E
10674;8030;17;Brno - Malomìøice, Karlova 933/7, ex 1009x (+DCS);49°12'48.43"N,16°38'39.60"E
10675;8030;13;Brno - Malomìøice, Karlova 933/7, ex 1009x (+DCS);49°12'48.43"N,16°38'39.60"E
10676;8030;15;Brno - Malomìøice, Karlova 933/7, ex 1009x (+DCS);49°12'48.43"N,16°38'39.60"E
10677;8030;797;Brno - Èerná Pole, Merhautova 955/77, bytový dùm, ex 1280x;49°12'33.34"N,16°37'24.76"E
10678;8030;791;Brno - Èerná Pole, Merhautova 955/77, bytový dùm, ex 1280x;49°12'33.34"N,16°37'24.76"E
10679;8030;794;Brno - Èerná Pole, Merhautova 955/77, bytový dùm, ex 1280x;49°12'33.34"N,16°37'24.76"E
10684;8040;813;Brno - Èerná Pole, Merhautova 62-64, bytový dùm, ex 1357x;49°12'20.00"N,16°37'29.34"E
10685;8040;794;Brno - Èerná Pole, Merhautova 62-64, bytový dùm, ex 1357x;49°12'20.00"N,16°37'29.34"E
10686;8040;821;Brno - Èerná Pole, Merhautova 62-64, bytový dùm, ex 1357x;49°12'20.00"N,16°37'29.34"E
10687;8030;788;Brno - Vinohrady, Mikulovská 4222/9, panelák, ex 1220x;49°12'20.59"N,16°39'44.71"E
10688;8030;826;Brno - Vinohrady, Mikulovská 4222/9, panelák, ex 1220x;49°12'20.59"N,16°39'44.71"E
10694;8040;828;Brno - Stránice, Námìstí Míru 7, kostel sv. Augustina, pod žaluziemi vìže, ex 1362x;49°12'09.94"N,16°34'52.71"E
10695;8040;818;Brno - Stránice, Námìstí Míru 7, kostel sv. Augustina, pod žaluziemi vìže, ex 1362x;49°12'09.94"N,16°34'52.71"E
10696;8040;779;Brno - Stránice, Námìstí Míru 7, kostel sv. Augustina, pod žaluziemi vìže, ex 1362x;49°12'09.94"N,16°34'52.71"E
10697;8050;784;Brno - Brnìnské Ivanovice, Kaštanová 506/50, MAKRO, ex 1340x (V);49°09'44.41"N,16°38'22.93"E
10704;8040;780;Brno, Moravské nám. 1/1, komíny Katastrálního úøadu Brno, ex 1214x;49°11'54.17"N,16°36'29.71"E
10705;8040;777;Brno, Moravské nám. 1/1, komíny Katastrálního úøadu Brno, ex 1214x;49°11'54.17"N,16°36'29.71"E
10706;8040;793;Brno, Moravské nám. 1/1, komíny Katastrálního úøadu Brno, ex 1214x;49°11'54.17"N,16°36'29.71"E
10707;8040;10;Brno, Moravské nám. 1/1, komíny Katastrálního úøadu Brno, ex 1214x;49°11'54.17"N,16°36'29.71"E
10708;8040;13;Brno, Moravské nám. 1/1, komíny Katastrálního úøadu Brno, ex 1214x;49°11'54.17"N,16°36'29.71"E
10709;8040;6;Brno, Moravské nám. 1/1, komíny Katastrálního úøadu Brno, ex 1214x;49°11'54.17"N,16°36'29.71"E
10714;8040;781;Brno - Štýøice, Heršpická 5a, M - palác, výšková budova, ex 1012x;49°10'38.04"N,16°36'14.77"E
10715;8040;816;Brno - Štýøice, Heršpická 5a, M - palác, výšková budova, ex 1012x;49°10'38.04"N,16°36'14.77"E
10716;8040;789;Brno - Štýøice, Heršpická 5a, M - palác, výšková budova, ex 1012x;49°10'38.04"N,16°36'14.77"E
10717;8040;783;Brno - Èerná Pole, Merhautova 327/1, budova KB, ex 1334x;49°12'11.60"N,16°37'09.54"E
10718;8040;814;Brno - Èerná Pole, Merhautova 327/1, budova KB, ex 1334x;49°12'11.60"N,16°37'09.54"E
10719;8040;823;Brno - Èerná Pole, Merhautova 327/1, budova KB, ex 1334x;49°12'11.60"N,16°37'09.54"E
10724;8030;787;Brno - Èerná Pole, Mathonova 890/20, ex 1162x (+TMO);49°12'50.59"N,16°37'23.33"E
10725;8030;820;Brno - Èerná Pole, Mathonova 890/20, ex 1162x (+TMO);49°12'50.59"N,16°37'23.33"E
10726;8030;825;Brno - Èerná Pole, Mathonova 890/20, ex 1162x (+TMO);49°12'50.59"N,16°37'23.33"E
10727;8030;12;Brno - Èerná Pole, Mathonova 890/20, ex 1010x (+TMO);49°12'50.59"N,16°37'23.33"E
10728;8030;5;Brno - Èerná Pole, Mathonova 890/20, ex 1010x (+TMO);49°12'50.59"N,16°37'23.33"E
10729;8030;15;Brno - Èerná Pole, Mathonova 890/20, ex 1010x (+TMO);49°12'50.59"N,16°37'23.33"E
10734;8040;818;Brno - Veveøí, Mezírka 775/1, budova Prùmyslového stavitelství, ex 1345x (+TMO,+O2);49°12'03.07"N,16°36'13.93"E
10735;8040;789;Brno - Veveøí, Mezírka 775/1, budova Prùmyslového stavitelství, ex 1345x (+TMO,+O2);49°12'03.07"N,16°36'13.93"E
10736;8040;820;Brno - Veveøí, Mezírka 775/1, budova Prùmyslového stavitelství, ex 1345x (+TMO,+O2);49°12'03.07"N,16°36'13.93"E
10737;8030;816;Brno - Lesná, Nejedlého 391/26, nízký panelák, ex 1203x;49°13'45.70"N,16°37'48.17"E
10738;8030;819;Brno - Lesná, Nejedlého 391/26, nízký panelák, ex 1203x;49°13'45.70"N,16°37'48.17"E
10739;8030;825;Brno - Lesná, Nejedlého 391/26, nízký panelák, ex 1203x;49°13'45.70"N,16°37'48.17"E
10744;8050;787;Brno - Bohunice, Neužilova 687/6, panelák, ex 1143x;49°10'10.00"N,16°34'40.61"E
10745;8050;830;Brno - Bohunice, Neužilova 687/6, panelák, ex 1143x;49°10'10.00"N,16°34'40.61"E
10746;8050;794;Brno - Bohunice, Neužilova 687/6, panelák, ex 1143x;49°10'10.00"N,16°34'40.61"E
10747;8050;2;Brno - Bohunice, Neužilova 687/6, panelák, ex 1017x;49°10'10.00"N,16°34'40.61"E
10748;8050;12;Brno - Bohunice, Neužilova 687/6, panelák, ex 1017x;49°10'10.00"N,16°34'40.61"E
10749;8050;19;Brno - Bohunice, Neužilova 687/6, panelák, ex 1017x;49°10'10.00"N,16°34'40.61"E
10754;8050;787;Brno - Nový Lískovec, Sluneèná 480/4, ex 1049x;49°10'41.74"N,16°32'50.55"E
10755;8050;815;Brno - Nový Lískovec, Sluneèná 480/4, ex 1049x;49°10'41.74"N,16°32'50.55"E
10756;8050;777;Brno - Nový Lískovec, Sluneèná 480/4, ex 1049x;49°10'41.74"N,16°32'50.55"E
10757;8030;818;Brno - Líšeò, Novolíšeòská 2411/10, ZŠ, ex 1158x (+GSM)(+O2);49°12'21.09"N,16°41'12.56"E
10758;8030;787;Brno - Líšeò, Novolíšeòská 2411/10, ZŠ, ex 1158x (+GSM)(+O2);49°12'21.09"N,16°41'12.56"E
10759;8030;816;Brno - Líšeò, Novolíšeòská 2411/10, ZŠ, ex 1158x (+GSM)(+O2);49°12'21.09"N,16°41'12.56"E
10764;8030;15;Brno - Líšeò, Novolíšeòská 2411/10, ZŠ, ex 1019x (+DCS)(+O2);49°12'21.09"N,16°41'12.56"E
10765;8030;13;Brno - Líšeò, Novolíšeòská 2411/10, ZŠ, ex 1019x (+DCS)(+O2);49°12'21.09"N,16°41'12.56"E
10766;8030;6;Brno - Líšeò, Novolíšeòská 2411/10, ZŠ, ex 1019x (+DCS)(+O2);49°12'21.09"N,16°41'12.56"E
10767;8040;786;Brno, Novobranská 632/16, ex 1191x (+GSM);49°11'37.49"N,16°36'47.05"E
10768;8040;812;Brno, Novobranská 632/16, ex 1191x (+GSM);49°11'37.49"N,16°36'47.05"E
10769;8040;784;Brno, Novobranská 632/16, ex 1191x (+GSM);49°11'37.49"N,16°36'47.05"E
10774;8040;18;Brno, Novobranská 632/16, ex 1190x (DCS-1191x);49°11'37.49"N,16°36'47.05"E
10775;8040;12;Brno, Novobranská 632/16, ex 1190x (DCS-1191x);49°11'37.49"N,16°36'47.05"E
10776;8040;2;Brno, Novobranská 632/16, ex 1190x (DCS-1191x);49°11'37.49"N,16°36'47.05"E
10777;8050;824;Brno - Bohunice, Netroufalky 223/1, ubytovna FN Brno, ex 1393x;49°10'46.27"N,16°34'13.44"E
10778;8050;819;Brno - Bohunice, Netroufalky 223/1, ubytovna FN Brno, ex 1393x;49°10'46.27"N,16°34'13.44"E
10784;8050;829;Brno - Nový Lískovec, Oblá 424/28, panelák, ex 1275x;49°10'35.12"N,16°33'22.63"E
10785;8050;788;Brno - Nový Lískovec, Oblá 424/28, panelák, ex 1275x;49°10'35.12"N,16°33'22.63"E
10786;8050;812;Brno - Nový Lískovec, Oblá 424/28, panelák, ex 1275x;49°10'35.12"N,16°33'22.63"E
10787;8050;785;Brno - Nový Lískovec, Oblá 362/3, panelák, ex 1223x;49°10'37.85"N,16°33'43.58"E
10788;8050;792;Brno - Nový Lískovec, Oblá 362/3, panelák, ex 1223x;49°10'37.85"N,16°33'43.58"E
10789;8050;797;Brno - Nový Lískovec, Oblá 362/3, panelák, ex 1223x;49°10'37.85"N,16°33'43.58"E
10794;8030;863;Brno - Malomìøice, Obøanská 940/60, komín teplárny, ex 1252x (+TMO);49°13'23.16"N,16°38'48.76"E
10795;8030;21;Brno - Malomìøice, Obøanská 940/60, komín teplárny, ex 1252x (+TMO);49°13'23.16"N,16°38'48.76"E
10796;8030;814;Brno - Malomìøice, Obøanská 940/60, komín teplárny, ex 1252x (+TMO);49°13'23.16"N,16°38'48.76"E
10797;8030;780;Brno - Komín, Olbrachtovo nám. 796/7, panelák, ex 1176x (+GSM);49°13'27.93"N,16°33'23.53"E
10798;8030;792;Brno - Komín, Olbrachtovo nám. 796/7, panelák, ex 1176x (+GSM);49°13'27.93"N,16°33'23.53"E
10799;8030;829;Brno - Komín, Olbrachtovo nám. 796/7, panelák, ex 1176x (+GSM);49°13'27.93"N,16°33'23.53"E
10804;8030;16;Brno - Komín, Olbrachtovo nám. 796/7, panelák, ex 1178x (+DCS);49°13'27.93"N,16°33'23.53"E
10805;8030;20;Brno - Komín, Olbrachtovo nám. 796/7, panelák, ex 1178x (+DCS);49°13'27.93"N,16°33'23.53"E
10807;8040;795;Brno - Židenice, Neklanova, hala fy ALSTOM Power, ex 1237x (+GSM);49°11'40.33"N,16°37'54.65"E
10808;8040;788;Brno - Židenice, Neklanova, hala fy ALSTOM Power, ex 1237x (+GSM);49°11'40.33"N,16°37'54.65"E
10809;8040;821;Brno - Židenice, Neklanova, hala fy ALSTOM Power, ex 1237x (+GSM);49°11'40.33"N,16°37'54.65"E
10814;8040;10;Brno - Židenice, Neklanova, hala fy ALSTOM Power, ex 1237x;49°11'40.33"N,16°37'54.65"E
10815;8040;18;Brno - Židenice, Neklanova, hala fy ALSTOM Power, ex 1237x;49°11'40.33"N,16°37'54.65"E
10816;8040;15;Brno - Židenice, Neklanova, hala fy ALSTOM Power, ex 1237x;49°11'40.33"N,16°37'54.65"E
10817;8050;827;Brno - Bystrc, Opálkova 757/14, panelák, ex 1204x (+GSM);49°13'18.86"N,16°31'54.52"E
10818;8050;778;Brno - Bystrc, Opálkova 757/14, panelák, ex 1204x (+GSM);49°13'18.86"N,16°31'54.52"E
10819;8050;786;Brno - Bystrc, Opálkova 757/14, panelák, ex 1204x (+GSM);49°13'18.86"N,16°31'54.52"E
10824;8050;15;Brno - Bystrc, Opálkova 757/14, panelák, ex 1204x (+DCS);49°13'18.86"N,16°31'54.52"E
10825;8050;1;Brno - Bystrc, Opálkova 757/14, panelák, ex 1204x (+DCS);49°13'18.86"N,16°31'54.52"E
10826;8050;19;Brno - Bystrc, Opálkova 757/14, panelák, ex 1204x (+DCS);49°13'18.86"N,16°31'54.52"E
10827;8030;809;Brno - Královo Pole, Palackého 645/83, bytový dùm, ex 1246x (+GSM);49°13'33.97"N,16°35'35.64"E
10828;8030;794;Brno - Královo Pole, Palackého 645/83, bytový dùm, ex 1246x (+GSM);49°13'33.97"N,16°35'35.64"E
10829;8030;796;Brno - Královo Pole, Palackého 645/83, bytový dùm, ex 1246x (+GSM);49°13'33.97"N,16°35'35.64"E
10834;8030;7;Brno - Královo Pole, Palackého 645/83, bytový dùm, ex 1246x (+DCS);49°13'33.97"N,16°35'35.64"E
10835;8030;2;Brno - Královo Pole, Palackého 645/83, bytový dùm, ex 1246x (+DCS);49°13'33.97"N,16°35'35.64"E
10836;8030;12;Brno - Královo Pole, Palackého 645/83, bytový dùm, ex 1246x (+DCS);49°13'33.97"N,16°35'35.64"E
10837;8040;825;Brno - Staré Brno, Pekaøská 444/92, ex 1284x;49°11'30.43"N,16°35'45.50"E
10838;8040;783;Brno - Staré Brno, Pekaøská 444/92, ex 1284x;49°11'30.43"N,16°35'45.50"E
10839;8040;816;Brno - Staré Brno, Pekaøská 444/92, ex 1284x;49°11'30.43"N,16°35'45.50"E
10844;8040;782;Brno - Staré Brno, Pekaøská 422/42, ex 1001x;49°11'30.81"N,16°36'00.98"E
10845;8040;778;Brno - Staré Brno, Pekaøská 422/42, ex 1001x;49°11'30.81"N,16°36'00.98"E
10846;8040;788;Brno - Staré Brno, Pekaøská 422/42, ex 1001x;49°11'30.81"N,16°36'00.98"E
10847;8040;6;Brno - Staré Brno, Pekaøská 422/42, ex 1001x;49°11'30.81"N,16°36'00.98"E
10848;8040;19;Brno - Staré Brno, Pekaøská 422/42, ex 1001x;49°11'30.81"N,16°36'00.98"E
10855;8030;821;Brno - Královo Pole, Kolejní 2905/2, blok A04 kolejí VUT, ex 1344x;49°13'55.46"N,16°34'18.32"E
10856;8030;793;Brno - Královo Pole, Kolejní 2905/2, blok A04 kolejí VUT, ex 1344x;49°13'55.46"N,16°34'18.32"E
10857;8030;820;Brno - Královo Pole, Palackého tøída 1624/4, bytový dùm, ex 1391x;49°13'04.12"N,16°35'54.90"E
10858;8030;792;Brno - Královo Pole, Palackého tøída 1624/4, bytový dùm, ex 1391x;49°13'04.12"N,16°35'54.90"E
10859;8030;827;Brno - Královo Pole, Palackého tøída 1624/4, bytový dùm, ex 1391x;49°13'04.12"N,16°35'54.90"E
10864;8040;785;Brno - Zábrdovice, Pøádlácká 40/2, ex 1358x;49°12'02.60"N,16°37'30.47"E
10865;8040;817;Brno - Zábrdovice, Pøádlácká 40/2, ex 1358x;49°12'02.60"N,16°37'30.47"E
10866;8040;781;Brno - Zábrdovice, Pøádlácká 40/2, ex 1358x;49°12'02.60"N,16°37'30.47"E
10867;8040;789;Brno - Zábrdovice, Pøíkop 4-8, budova IBC, ex 1250x (+O2);49°11'59.69"N,16°36'50.72"E
10868;8040;820;Brno - Zábrdovice, Pøíkop 4-8, budova IBC, ex 1250x (+O2);49°11'59.69"N,16°36'50.72"E
10869;8040;785;Brno - Zábrdovice, Pøíkop 4-8, budova IBC, ex 1250x (+O2);49°11'59.69"N,16°36'50.72"E
10874;8030;790;Brno - Královo Pole, Purkyòova 2640/93, koleje VUT, blok B02, ex 1006x;49°13'22.32"N,16°34'55.64"E
10875;8030;816;Brno - Královo Pole, Purkyòova 2640/93, koleje VUT, blok B02, ex 1006x;49°13'22.32"N,16°34'55.64"E
10876;8030;823;Brno - Královo Pole, Purkyòova 2640/93, koleje VUT, blok B02, ex 1006x;49°13'22.32"N,16°34'55.64"E
10877;8030;15;Brno - Královo Pole, Purkyòova 2640/93, koleje VUT, blok B02, ex 1006x;49°13'22.32"N,16°34'55.64"E
10878;8030;5;Brno - Královo Pole, Purkyòova 2640/93, koleje VUT, blok B02, ex 1006x;49°13'22.32"N,16°34'55.64"E
10879;8030;3;Brno - Královo Pole, Purkyòova 2640/93, koleje VUT, blok B02, ex 1006x;49°13'22.32"N,16°34'55.64"E
10884;8050;814;Brno - Slatina, Prostìjovská 997/7, panelák, ex 1279x;49°10'52.95"N,16°41'20.77"E
10885;8050;827;Brno - Slatina, Prostìjovská 997/7, panelák, ex 1279x;49°10'52.95"N,16°41'20.77"E
10886;8050;788;Brno - Slatina, Prostìjovská 997/7, panelák, ex 1279x;49°10'52.95"N,16°41'20.77"E
10887;8040;822;Brno - Štýøice, Pšeník 367/1, panelák, ex 1222x;49°10'27.17"N,16°35'45.27"E
10888;8040;796;Brno - Štýøice, Pšeník 367/1, panelák, ex 1222x;49°10'27.17"N,16°35'45.27"E
10889;8040;780;Brno - Štýøice, Pšeník 367/1, panelák, ex 1222x;49°10'27.17"N,16°35'45.27"E
10894;8030;794;Brno - Žabovøesky, Veveøí 2581/104, PVT, ex 1177x (+TMO,+O2);49°12'36.53"N,16°35'22.62"E
10895;8030;789;Brno - Žabovøesky, Veveøí 2581/104, PVT, ex 1177x (+TMO,+O2);49°12'36.53"N,16°35'22.62"E
10896;8030;826;Brno - Žabovøesky, Veveøí 2581/104, PVT, ex 1177x (+TMO,+O2);49°12'36.53"N,16°35'22.62"E
10897;8030;13;Brno - Žabovøesky, Veveøí 2581/104, PVT, ex 1177x (+TMO,+O2);49°12'36.53"N,16°35'22.62"E
10898;8030;15;Brno - Žabovøesky, Veveøí 2581/104, PVT, ex 1177x (+TMO,+O2);49°12'36.53"N,16°35'22.62"E
10904;8030;778;Brno - Èerná Pole, Rybníèek 323/4a, bytový dùm, ex 1370x;49°12'38.33"N,16°36'14.53"E
10905;8030;787;Brno - Èerná Pole, Rybníèek 323/4a, bytový dùm, ex 1370x;49°12'38.33"N,16°36'14.53"E
10906;8030;824;Brno - Èerná Pole, Rybníèek 323/4a, bytový dùm, ex 1370x;49°12'38.33"N,16°36'14.53"E
10907;8050;781;Brno - Øeèkovice, Renèova 1523/22, panelák, ex 1333x;49°14'49.26"N,16°34'31.21"E
10908;8050;825;Brno - Øeèkovice, Renèova 1523/22, panelák, ex 1333x;49°14'49.26"N,16°34'31.21"E
10909;8050;793;Brno - Øeèkovice, Renèova 1523/22, panelák, ex 1333x;49°14'49.26"N,16°34'31.21"E
10914;8050;823;Brno - Slatina, Øípská 1125/9 (x Tuøanka), budova Celního úøadu, ex 1264x;49°10'21.17"N,16°40'58.28"E
10915;8050;825;Brno - Slatina, Øípská 1125/9 (x Tuøanka), budova Celního úøadu, ex 1264x;49°10'21.17"N,16°40'58.28"E
10916;8050;778;Brno - Slatina, Øípská 1125/9 (x Tuøanka), budova Celního úøadu, ex 1264x;49°10'21.17"N,16°40'58.28"E
10917;8050;816;Brno - Nový Lískovec, Rybnická 91/23, rodinný dùm, ex 1387x;49°11'01.46"N,16°33'50.70"E
10918;8050;789;Brno - Nový Lískovec, Rybnická 91/23, rodinný dùm, ex 1387x;49°11'01.46"N,16°33'50.70"E
10924;8040;815;Brno - Židenice, Šámalova 1130/62, budova v areálu MEZ Brno, ex 1398x (+TMO,+O2);49°11'54.68"N,16°38'06.78"E
10925;8040;824;Brno - Židenice, Šámalova 1130/62, budova v areálu MEZ Brno, ex 1398x (+TMO,+O2);49°11'54.68"N,16°38'06.78"E
10926;8040;793;Brno - Židenice, Šámalova 1130/62, budova v areálu MEZ Brno, ex 1398x (+TMO,+O2);49°11'54.68"N,16°38'06.78"E
10927;8030;818;Brno - Husovice, Sobìšická 1262/100, bytový dùm, ex 1282x (+GSM);49°13'09.48"N,16°38'04.58"E
10928;8030;797;Brno - Husovice, Sobìšická 1262/100, bytový dùm, ex 1282x (+GSM);49°13'09.48"N,16°38'04.58"E
10934;8030;6;Brno - Husovice, Sobìšická 1262/100, bytový dùm, ex 1282x (+DCS);49°13'09.48"N,16°38'04.58"E
10935;8030;3;Brno - Husovice, Sobìšická 1262/100, bytový dùm, ex 1282x (+DCS);49°13'09.48"N,16°38'04.58"E
10937;8030;825;Brno - Královo Pole, Technická 2935/23, Listova budova, ex 3365x;49°13'32.94"N,16°34'37.14"E
10938;8030;777;Brno - Královo Pole, Technická 2935/23, Listova budova, ex 3365x;49°13'32.94"N,16°34'37.14"E
10944;8030;784;Brno - Lesná, Okružní 871/3a, betonový stožár u kruh. objezdu, ex 1255x;49°13'15.44"N,16°37'38.99"E
10945;8030;823;Brno - Lesná, Okružní 871/3a, betonový stožár u kruh. objezdu, ex 1255x;49°13'15.44"N,16°37'38.99"E
10946;8030;814;Brno - Lesná, Okružní 871/3a, betonový stožár u kruh. objezdu, ex 1255x;49°13'15.44"N,16°37'38.99"E
10947;8030;15;Brno - Lesná, Okružní 871/3a, betonový stožár u kruh. objezdu, ex 1255x;49°13'15.44"N,16°37'38.99"E
10948;8030;8;Brno - Lesná, Okružní 871/3a, betonový stožár u kruh. objezdu, ex 1255x;49°13'15.44"N,16°37'38.99"E
10949;8030;17;Brno - Lesná, Okružní 871/3a, betonový stožár u kruh. objezdu, ex 1255x;49°13'15.44"N,16°37'38.99"E
10954;8040;824;Brno - Komárov, Schwaigrova 664/27, panelák, ex 1101x;49°10'39.34"N,16°37'25.69"E
10955;8040;780;Brno - Komárov, Schwaigrova 664/27, panelák, ex 1101x;49°10'39.34"N,16°37'25.69"E
10956;8040;785;Brno - Komárov, Schwaigrova 664/27, panelák, ex 1101x;49°10'39.34"N,16°37'25.69"E
10957;8040;3;Brno - Komárov, Schwaigrova 664/27, panelák, ex 1101x;49°10'39.34"N,16°37'25.69"E
10958;8040;13;Brno - Komárov, Schwaigrova 664/27, panelák, ex 1101x;49°10'39.34"N,16°37'25.69"E
10959;8040;20;Brno - Komárov, Schwaigrova 664/27, panelák, ex 1101x;49°10'39.34"N,16°37'25.69"E
10964;8050;822;Brno - Brnìnské Ivanovice, Sladovnická 20/6, komín, ex 1180x;49°09'08.76"N,16°39'07.25"E
10965;8050;813;Brno - Brnìnské Ivanovice, Sladovnická 20/6, komín, ex 1180x;49°09'08.76"N,16°39'07.25"E
10966;8050;825;Brno - Brnìnské Ivanovice, Sladovnická 20/6, komín, ex 1180x;49°09'08.76"N,16°39'07.25"E
10967;8030;785;Brno - Židenice, Slívova 1-7, bytový dùm, ex 1253x (+GSM);49°12'24.69"N,16°38'26.23"E
10968;8030;780;Brno - Židenice, Slívova 1-7, bytový dùm, ex 1253x (+GSM);49°12'24.69"N,16°38'26.23"E
10969;8030;790;Brno - Židenice, Slívova 1-7, bytový dùm, ex 1253x (+GSM);49°12'24.69"N,16°38'26.23"E
10974;8030;2;Brno - Židenice, Slívova 1-7, bytový dùm, ex 1253x (+DCS);49°12'24.69"N,16°38'26.23"E
10975;8030;16;Brno - Židenice, Slívova 1-7, bytový dùm, ex 1253x (+DCS);49°12'24.69"N,16°38'26.23"E
10976;8030;6;Brno - Židenice, Slívova 1-7, bytový dùm, ex 1253x (+DCS);49°12'24.69"N,16°38'26.23"E
10977;8030;825;Brno - Královo Pole, Slovanské nám. 1804/7, Gymnázium, ex 1281x (+TMO);49°13'21.39"N,16°35'28.78"E
10978;8030;791;Brno - Královo Pole, Slovanské nám. 1804/7, Gymnázium, ex 1281x (+TMO);49°13'21.39"N,16°35'28.78"E
10979;8030;776;Brno - Královo Pole, Slovanské nám. 1804/7, Gymnázium, ex 1281x (+TMO);49°13'21.39"N,16°35'28.78"E
10984;8030;778;Brno - Židenice, Šaumannova 2000/18, panelák, ex 1354x;49°12'08.61"N,16°38'46.26"E
10985;8030;817;Brno - Židenice, Šaumannova 2000/18, panelák, ex 1354x;49°12'08.61"N,16°38'46.26"E
10987;8050;8;Brno - Sobìšice, Útìchovská 68, vìž na sušení hadic, ex 1187x;49°15'09.63"N,16°37'14.73"E
10988;8050;12;Brno - Sobìšice, Útìchovská 68, vìž na sušení hadic, ex 1187x;49°15'09.63"N,16°37'14.73"E
10989;8050;6;Brno - Sobìšice, Útìchovská 68, vìž na sušení hadic, ex 1187x;49°15'09.63"N,16°37'14.73"E
10994;8050;826;Brno - Horní Heršpice, Sokolova 34, budova SK Gaži BOX, ex 1224x;49°09'55.37"N,16°36'47.88"E
10995;8050;821;Brno - Horní Heršpice, Sokolova 34, budova SK Gaži BOX, ex 1224x;49°09'55.37"N,16°36'47.88"E
10996;8050;824;Brno - Horní Heršpice, Sokolova 34, budova SK Gaži BOX, ex 1224x;49°09'55.37"N,16°36'47.88"E
10997;8040;796;Brno, Èeská 239/23, bytový dùm, ex 1189x (+GSM);49°11'47.30"N,16°36'19.75"E
10998;8040;783;Brno, Èeská 239/23, bytový dùm, ex 1189x (+GSM);49°11'47.30"N,16°36'19.75"E
10999;8040;815;Brno, Èeská 239/23, bytový dùm, ex 1189x (+GSM);49°11'47.30"N,16°36'19.75"E
11004;8040;4;Brno, Èeská 239/23, bytový dùm, ex 1188x (+DCS);49°11'47.30"N,16°36'19.75"E
11005;8040;9;Brno, Èeská 239/23, bytový dùm, ex 1188x (+DCS);49°11'47.30"N,16°36'19.75"E
11006;8040;19;Brno, Èeská 239/23, bytový dùm, ex 1188x (+DCS);49°11'47.30"N,16°36'19.75"E
11007;8030;790;Brno - Jundrov, Sosnová 665/2, ex 1185x (+GSM);49°12'25.37"N,16°33'01.08"E
11008;8030;825;Brno - Jundrov, Sosnová 665/2, ex 1185x (+GSM);49°12'25.37"N,16°33'01.08"E
11009;8030;780;Brno - Jundrov, Sosnová 665/2, ex 1185x (+GSM);49°12'25.37"N,16°33'01.08"E
11014;8030;14;Brno - Jundrov, Sosnová 665/2, ex 1033x (+DCS);49°12'25.37"N,16°33'01.08"E
11015;8030;1;Brno - Jundrov, Sosnová 665/2, ex 1033x (+DCS);49°12'25.37"N,16°33'01.08"E
11016;8030;10;Brno - Jundrov, Sosnová 665/2, ex 1033x (+DCS);49°12'25.37"N,16°33'01.08"E
11017;8040;819;Brno - Zábrdovice, Špitálka 547/5a, bytový dùm, ex 1242x (+GSM);49°11'50.07"N,16°37'26.45"E
11018;8040;816;Brno - Zábrdovice, Špitálka 547/5a, bytový dùm, ex 1242x (+GSM);49°11'50.07"N,16°37'26.45"E
11019;8040;788;Brno - Zábrdovice, Špitálka 547/5a, bytový dùm, ex 1242x (+GSM);49°11'50.07"N,16°37'26.45"E
11024;8040;1;Brno - Zábrdovice, Špitálka 547/5a, bytový dùm, ex 1242x (+DCS);49°11'50.07"N,16°37'26.45"E
11025;8040;20;Brno - Zábrdovice, Špitálka 547/5a, bytový dùm, ex 1242x (+DCS);49°11'50.07"N,16°37'26.45"E
11026;8040;14;Brno - Zábrdovice, Špitálka 547/5a, bytový dùm, ex 1242x (+DCS);49°11'50.07"N,16°37'26.45"E
11027;8030;815;Brno - Ponava, Staòkova 383/41, dùm Jana Popelky, ex 1004x (+GSM);49°12'50.91"N,16°36'04.73"E
11028;8030;788;Brno - Ponava, Staòkova 383/41, dùm Jana Popelky, ex 1004x (+GSM);49°12'50.91"N,16°36'04.73"E
11029;8030;784;Brno - Ponava, Staòkova 383/41, dùm Jana Popelky, ex 1004x (+GSM);49°12'50.91"N,16°36'04.73"E
11034;8030;11;Brno - Ponava, Staòkova 383/41, dùm Jana Popelky, ex 1004x (+DCS);49°12'50.91"N,16°36'04.73"E
11035;8030;5;Brno - Ponava, Staòkova 383/41, dùm Jana Popelky, ex 1004x (+DCS);49°12'50.91"N,16°36'04.73"E
11036;8030;7;Brno - Ponava, Staòkova 383/41, dùm Jana Popelky, ex 1004x (+DCS);49°12'50.91"N,16°36'04.73"E
11037;8030;797;Brno - Líšeò, Štefáèkova 2491/15, budova O2, ex 1286x;49°12'20.57"N,16°40'13.60"E
11038;8030;832;Brno - Líšeò, Štefáèkova 2491/15, budova O2, ex 1286x;49°12'20.57"N,16°40'13.60"E
11039;8030;783;Brno - Líšeò, Štefáèkova 2491/15, budova O2, ex 1286x;49°12'20.57"N,16°40'13.60"E
11044;8030;784;Brno - Žabovøesky, Stránského 3033/28, admin. budova, ex 1199x (+TMO);49°12'44.83"N,16°34'04.98"E
11045;8030;794;Brno - Žabovøesky, Stránského 3033/28, admin. budova, ex 1199x (+TMO);49°12'44.83"N,16°34'04.98"E
11046;8030;821;Brno - Žabovøesky, Stránského 3033/28, admin. budova, ex 1199x (+TMO);49°12'44.83"N,16°34'04.98"E
11047;8050;825;Brno - Slatina, Strážnická 961/2, ex 1050x;49°10'47.20"N,16°40'55.61"E
11048;8050;812;Brno - Slatina, Strážnická 961/2, ex 1050x;49°10'47.20"N,16°40'55.61"E
11049;8050;785;Brno - Slatina, Strážnická 961/2, ex 1050x;49°10'47.20"N,16°40'55.61"E
11054;8030;776;Brno - Ponava, Šumavská 492/8, bytový dùm, ex 1294x;49°12'42.93"N,16°35'47.25"E
11055;8030;812;Brno - Ponava, Šumavská 492/8, bytový dùm, ex 1294x;49°12'42.93"N,16°35'47.25"E
11056;8030;787;Brno - Ponava, Šumavská 492/8, bytový dùm, ex 1294x;49°12'42.93"N,16°35'47.25"E
11057;8030;821;Brno - Ponava, Kounicova 515/66 (x Tábor), bytový dùm, ex 1388x;49°12'47.50"N,16°35'32.71"E
11058;8030;781;Brno - Ponava, Kounicova 515/66 (x Tábor), bytový dùm, ex 1388x;49°12'47.50"N,16°35'32.71"E
11059;8030;793;Brno - Ponava, Kounicova 515/66 (x Tábor), bytový dùm, ex 1388x;49°12'47.50"N,16°35'32.71"E
11064;8050;819;Brno - Dolní Heršpice, Skandinávská 128/2, Shopping park Avion, ex 1183x (+TMO,+O2);49°09'27.48"N,16°37'37.00"E
11065;8050;827;Brno - Dolní Heršpice, Skandinávská 128/2, Shopping park Avion, ex 1183x (+TMO,+O2);49°09'27.48"N,16°37'37.00"E
11066;8050;788;Brno - Dolní Heršpice, Skandinávská 128/2, Shopping park Avion, ex 1183x (+TMO,+O2);49°09'27.48"N,16°37'37.00"E
11067;8050;8;Brno - Dolní Heršpice, Skandinávská 128/2, Shopping park Avion, indoor, ex 1183x (+TMO,+O2);49°09'27.48"N,16°37'37.00"E
11074;8050;819;Brno - Chrlice, Tovární, pøíhradový stožár u obalovny, ex 3428x;49°07'51.34"N,16°40'36.64"E
11075;8050;14;Brno - Chrlice, Tovární, pøíhradový stožár u obalovny, ex 3427x;49°07'51.34"N,16°40'36.64"E
11076;8050;780;Brno - Chrlice, Tovární, pøíhradový stožár u obalovny, ex 3428x;49°07'51.34"N,16°40'36.64"E
11077;8040;826;Brno - Èernovice, Turgenìvova 1141/10, panelák, ex 1144x (+GSM);49°11'21.54"N,16°38'37.48"E
11078;8040;815;Brno - Èernovice, Turgenìvova 1141/10, panelák, ex 1144x (+GSM);49°11'21.54"N,16°38'37.48"E
11079;8040;819;Brno - Èernovice, Turgenìvova 1141/10, panelák, ex 1144x (+GSM);49°11'21.54"N,16°38'37.48"E
11084;8040;2;Brno - Èernovice, Turgenìvova 1141/10, panelák, ex 1011x (+DCS);49°11'21.54"N,16°38'37.48"E
11085;8040;10;Brno - Èernovice, Turgenìvova 1141/10, panelák, ex 1011x (+DCS);49°11'21.54"N,16°38'37.48"E
11086;8040;14;Brno - Èernovice, Turgenìvova 1141/10, panelák, ex 1011x (+DCS);49°11'21.54"N,16°38'37.48"E
11087;8030;782;Brno - Lesná, Tøískalova 563/10, ex 1032x (+GSM);49°13'31.65"N,16°37'04.22"E
11088;8030;785;Brno - Lesná, Tøískalova 563/10, ex 1032x (+GSM);49°13'31.65"N,16°37'04.22"E
11089;8030;795;Brno - Lesná, Tøískalova 563/10, ex 1032x (+GSM);49°13'31.65"N,16°37'04.22"E
11094;8030;8;Brno - Lesná, Tøískalova 563/10, ex 1032x (+DCS);49°13'31.65"N,16°37'04.22"E
11095;8030;4;Brno - Lesná, Tøískalova 563/10, ex 1032x (+DCS);49°13'31.65"N,16°37'04.22"E
11096;8030;6;Brno - Lesná, Tøískalova 563/10, ex 1032x (+DCS);49°13'31.65"N,16°37'04.22"E
11097;8050;791;Brno - Øeèkovice, Terezy Novákové 1283/64, komín kotelny, ex 1384x (+TMO,+O2);49°15'04.92"N,16°34'33.14"E
11098;8050;813;Brno - Øeèkovice, Terezy Novákové 1283/64, komín kotelny, ex 1384x (+TMO,+O2);49°15'04.92"N,16°34'33.14"E
11099;8050;781;Brno - Øeèkovice, Terezy Novákové 1283/64, komín kotelny, ex 1384x (+TMO,+O2);49°15'04.92"N,16°34'33.14"E
11114;8050;822;Brno - Tuøany, Hanácká 85/2, severní vìž kostela, ex 1285x;49°08'50.02"N,16°40'04.91"E
11115;8050;778;Brno - Tuøany, Hanácká 85/2, severní vìž kostela, ex 1285x;49°08'50.02"N,16°40'04.91"E
11116;8050;791;Brno - Tuøany, Hanácká 85/2, severní vìž kostela, ex 1285x;49°08'50.02"N,16°40'04.91"E
11117;8040;818;Brno - Veveøí, Údolní 401/38, bytový dùm, ex 1230x (+GSM);49°11'54.36"N,16°35'36.34"E
11118;8040;787;Brno - Veveøí, Údolní 401/38, bytový dùm, ex 1230x (+GSM);49°11'54.36"N,16°35'36.34"E
11119;8040;813;Brno - Veveøí, Údolní 401/38, bytový dùm, ex 1230x (+GSM);49°11'54.36"N,16°35'36.34"E
11124;8040;1;Brno - Veveøí, Údolní 401/38, bytový dùm, ex 1230x (+DCS);49°11'54.36"N,16°35'36.34"E
11125;8040;9;Brno - Veveøí, Údolní 401/38, bytový dùm, ex 1230x (+DCS);49°11'54.36"N,16°35'36.34"E
11126;8040;20;Brno - Veveøí, Údolní 401/38, bytový dùm, ex 1230x (+DCS);49°11'54.36"N,16°35'36.34"E
11127;8050;828;Brno - Bohunice, Ukrajinská 721/5a, pøíhradová konstrukce na støeše kotelny, ex 1360x (+TMO);49°10'06.20"N,16°35'12.45"E
11128;8050;17;Brno - Bohunice, Ukrajinská 721/5a, pøíhradová konstrukce na støeše kotelny, ex 1360x (+TMO);49°10'06.20"N,16°35'12.45"E
11129;8050;826;Brno - Bohunice, Ukrajinská 721/5a, pøíhradová konstrukce na støeše kotelny, ex 1360x (+TMO);49°10'06.20"N,16°35'12.45"E
11134;8050;777;Brno - Útìchov, pøíhradový stožár nad obcí, ex 1376x;49°17'33.54"N,16°37'55.68"E
11135;8050;1;Brno - Útìchov, pøíhradový stožár nad obcí, ex 1376x;49°17'33.54"N,16°37'55.68"E
11137;8040;797;Brno - Veveøí, Úvoz 446/118, vysoký dùm, ex 1028x (+GSM);49°12'11.72"N,16°35'36.08"E
11138;8040;791;Brno - Veveøí, Úvoz 446/118, vysoký dùm, ex 1028x (+GSM);49°12'11.72"N,16°35'36.08"E
11139;8040;793;Brno - Veveøí, Úvoz 446/118, vysoký dùm, ex 1028x (+GSM);49°12'11.72"N,16°35'36.08"E
11144;8040;3;Brno - Veveøí, Úvoz 446/118, vysoký dùm, ex 1028x (+DCS);49°12'11.72"N,16°35'36.08"E
11145;8040;12;Brno - Veveøí, Úvoz 446/118, vysoký dùm, ex 1028x (+DCS);49°12'11.72"N,16°35'36.08"E
11146;8040;17;Brno - Veveøí, Úvoz 446/118, vysoký dùm, ex 1028x (+DCS);49°12'11.72"N,16°35'36.08"E
11147;8050;782;Brno - Bohunice, Uzbecká 567/24, panelák, ex 1389x;49°10'21.43"N,16°34'57.70"E
11148;8050;791;Brno - Bohunice, Uzbecká 567/24, panelák, ex 1389x;49°10'21.43"N,16°34'57.70"E
11149;8050;822;Brno - Bohunice, Uzbecká 567/24, panelák, ex 1389x;49°10'21.43"N,16°34'57.70"E
11154;8050;815;Brno - Bystrc, Valouškova 579/2, panelák, ex 1234x;49°13'37.78"N,16°31'18.27"E
11155;8050;818;Brno - Bystrc, Valouškova 579/2, panelák, ex 1234x;49°13'37.78"N,16°31'18.27"E
11156;8050;826;Brno - Bystrc, Valouškova 579/2, panelák, ex 1234x;49°13'37.78"N,16°31'18.27"E
11157;8050;13;Brno - Bystrc, Valouškova 579/2, panelák, ex 1234x;49°13'37.78"N,16°31'18.27"E
11158;8050;3;Brno - Bystrc, Valouškova 579/2, panelák, ex 1234x;49°13'37.78"N,16°31'18.27"E
11159;8050;8;Brno - Bystrc, Valouškova 579/2, panelák, ex 1234x;49°13'37.78"N,16°31'18.27"E
11164;8040;21;Brno - Trnitá, Ve Vaòkovce 462/1, obchodní pasáž Vaòkovka, indoor, ex 3251x (+TMO,+O2);49°11'16.24"N,16°36'53.31"E
11167;8030;817;Brno - Komín, Vavøinecká 1-3, panelák, ex 1396x;49°13'18.46"N,16°32'59.65"E
11168;8030;824;Brno - Komín, Vavøinecká 1-3, panelák, ex 1396x;49°13'18.46"N,16°32'59.65"E
11169;8030;815;Brno - Komín, Vavøinecká 1-3, panelák, ex 1396x;49°13'18.46"N,16°32'59.65"E
11174;8050;779;Brno - Pøízøenice, Vídeòská 264/120b, Vojenské stavby, ex 1361x (+TMO,+O2);49°08'24.66"N,16°36'07.35"E
11175;8050;13;Brno - Pøízøenice, Vídeòská 264/120b, Vojenské stavby, ex 1361x (+TMO,+O2);49°08'24.66"N,16°36'07.35"E
11176;8050;812;Brno - Pøízøenice, Vídeòská 264/120b, Vojenské stavby, ex 1361x (+TMO,+O2);49°08'24.66"N,16°36'07.35"E
11177;8040;819;Brno - Staré Brno, Veletržní 705/7, bytový dùm, ex 1213x;49°11'18.56"N,16°35'25.75"E
11178;8040;794;Brno - Staré Brno, Veletržní 705/7, bytový dùm, ex 1213x;49°11'18.56"N,16°35'25.75"E
11179;8040;780;Brno - Staré Brno, Veletržní 705/7, bytový dùm, ex 1213x;49°11'18.56"N,16°35'25.75"E
11184;8030;818;Brno - Žabovøesky, Vychodilova 2551/10, vysoký panelák, ex 1266x (+TMO);49°13'11.76"N,16°34'21.83"E
11185;8030;776;Brno - Žabovøesky, Vychodilova 2551/10, vysoký panelák, ex 1266x (+TMO);49°13'11.76"N,16°34'21.83"E
11186;8030;827;Brno - Žabovøesky, Vychodilova 2551/10, vysoký panelák, ex 1266x (+TMO);49°13'11.76"N,16°34'21.83"E
11187;8040;791;Brno - Štýøice, Vídeòská 54-56, panelák, ex 1290x;49°10'51.87"N,16°35'39.05"E
11188;8040;826;Brno - Štýøice, Vídeòská 54-56, panelák, ex 1290x;49°10'51.87"N,16°35'39.05"E
11189;8040;795;Brno - Štýøice, Vídeòská 54-56, panelák, ex 1290x;49°10'51.87"N,16°35'39.05"E
11194;8050;794;Brno - Dolní Heršpice, Vídeòská 136/119a, pøíhradový stožár, ex 1160x (+O2);49°09'02.24"N,16°36'06.44"E
11195;8050;797;Brno - Dolní Heršpice, Vídeòská 136/119a, pøíhradový stožár, ex 1160x (+O2);49°09'02.24"N,16°36'06.44"E
11196;8050;815;Brno - Dolní Heršpice, Vídeòská 136/119a, pøíhradový stožár, ex 1160x (+O2);49°09'02.24"N,16°36'06.44"E
11197;8050;20;Brno - Dolní Heršpice, Vídeòská 136/119a, pøíhradový stožár, ex 1016x (+O2);49°09'02.24"N,16°36'06.44"E
11198;8050;7;Brno - Dolní Heršpice, Vídeòská 136/119a, pøíhradový stožár, ex 1016x (+O2);49°09'02.24"N,16°36'06.44"E
11199;8050;10;Brno - Dolní Heršpice, Vídeòská 136/119a, pøíhradový stožár, ex 1016x (+O2);49°09'02.24"N,16°36'06.44"E
11204;8030;817;Brno - Vinohrady, Valtická 4100/19, panelák, ex 1296x;49°12'17.99"N,16°39'32.98"E
11205;8030;792;Brno - Vinohrady, Valtická 4100/19, panelák, ex 1296x;49°12'17.99"N,16°39'32.98"E
11206;8030;812;Brno - Vinohrady, Valtická 4100/19, panelák, ex 1296x;49°12'17.99"N,16°39'32.98"E
11207;8040;784;Brno - Trnitá, Vlhká 140/21, stará tovární budova u trati, ex 1366x;49°11'36.14"N,16°37'07.44"E
11208;8040;819;Brno - Trnitá, Vlhká 140/21, stará tovární budova u trati, ex 1366x;49°11'36.14"N,16°37'07.44"E
11209;8040;796;Brno - Trnitá, Vlhká 140/21, stará tovární budova u trati, ex 1366x;49°11'36.14"N,16°37'07.44"E
11214;8050;779;Brno - Starý Lískovec, Vltavská 244/21, panelák, ex 1331x;49°10'19.61"N,16°33'52.71"E
11215;8050;821;Brno - Starý Lískovec, Vltavská 244/21, panelák, ex 1331x;49°10'19.61"N,16°33'52.71"E
11216;8050;790;Brno - Starý Lískovec, Vltavská 244/21, panelák, ex 1331x;49°10'19.61"N,16°33'52.71"E
11217;8040;790;Brno - Pisárky, Vinaøská 472/5b, koleje MU Vinaøky, budova A2, ex 1181x;49°11'31.84"N,16°34'46.30"E
11218;8040;782;Brno - Pisárky, Vinaøská 472/5b, koleje MU Vinaøky, budova A2, ex 1181x;49°11'31.84"N,16°34'46.30"E
11219;8040;823;Brno - Pisárky, Vinaøská 472/5b, koleje MU Vinaøky, budova A2, ex 1181x;49°11'31.84"N,16°34'46.30"E
11227;8030;818;Brno - Žabovøesky, Korejská 3082/4, hala fy ASA, ex 1335x;49°12'52.11"N,16°35'12.27"E
11228;8030;797;Brno - Žabovøesky, Korejská 3082/4, hala fy ASA, ex 1335x;49°12'52.11"N,16°35'12.27"E
11229;8030;812;Brno - Žabovøesky, Korejská 3082/4, hala fy ASA, ex 1335x;49°12'52.11"N,16°35'12.27"E
11234;8040;790;Brno, Meèová 695/2, OD Velký Špalíèek, ex 1383x;49°11'35.70"N,16°36'26.41"E
11235;8040;782;Brno, Meèová 695/2, OD Velký Špalíèek, ex 1383x;49°11'35.70"N,16°36'26.41"E
11236;8040;786;Brno, Meèová 695/2, OD Velký Špalíèek, ex 1383x;49°11'35.70"N,16°36'26.41"E
11237;8040;788;Brno, Meèová 695/2, OD Velký Špalíèek, indoor, ex 1383x (+TMO,+O2);49°11'35.70"N,16°36'26.41"E
11244;8040;823;Brno - Zábrdovice, Zábrdovická 25/2, budova naproti kostelu, ex 1161x;49°12'08.71"N,16°37'44.41"E
11245;8040;776;Brno - Zábrdovice, Zábrdovická 25/2, budova naproti kostelu, ex 1161x;49°12'08.71"N,16°37'44.41"E
11246;8040;779;Brno - Zábrdovice, Zábrdovická 25/2, budova naproti kostelu, ex 1161x;49°12'08.71"N,16°37'44.41"E
11247;8040;21;Brno - Zábrdovice, Zábrdovická 25/2, budova naproti kostelu, ex 1002x;49°12'08.71"N,16°37'44.41"E
11248;8040;8;Brno - Zábrdovice, Zábrdovická 25/2, budova naproti kostelu, ex 1002x;49°12'08.71"N,16°37'44.41"E
11249;8040;17;Brno - Zábrdovice, Zábrdovická 25/2, budova naproti kostelu, ex 1002x;49°12'08.71"N,16°37'44.41"E
11254;8040;815;Brno, Za Divadlem 586/2, bytový dùm, ex 1193x;49°11'50.22"N,16°36'45.86"E
11255;8040;781;Brno, Za Divadlem 586/2, bytový dùm, ex 1193x;49°11'50.22"N,16°36'45.86"E
11256;8040;795;Brno, Za Divadlem 586/2, bytový dùm, ex 1193x;49°11'50.22"N,16°36'45.86"E
11257;8040;4;Brno, Za Divadlem 586/2, bytový dùm, ex 1192x;49°11'50.22"N,16°36'45.86"E
11258;8040;9;Brno, Za Divadlem 586/2, bytový dùm, ex 1192x;49°11'50.22"N,16°36'45.86"E
11259;8040;15;Brno, Za Divadlem 586/2, bytový dùm, ex 1192x;49°11'50.22"N,16°36'45.86"E
11264;8050;824;Brno - Žebìtín, pøíhradový stožár, ex 1035x;49°12'41.69"N,16°28'49.56"E
11265;8050;790;Brno - Žebìtín, pøíhradový stožár, ex 1035x;49°12'41.69"N,16°28'49.56"E
11266;8050;792;Brno - Žebìtín, pøíhradový stožár, ex 1035x;49°12'41.69"N,16°28'49.56"E
11267;8050;5;Brno - Žebìtín, pøíhradový stožár, ex 1035x;49°12'41.69"N,16°28'49.56"E
11268;8050;20;Brno - Žebìtín, pøíhradový stožár, ex 1035x;49°12'41.69"N,16°28'49.56"E
11274;8050;794;Brno - Kohoutovice, Žebìtínská 72-82, panelák, ex 1228x;49°11'48.56"N,16°31'52.87"E
11275;8050;815;Brno - Kohoutovice, Žebìtínská 72-82, panelák, ex 1228x;49°11'48.56"N,16°31'52.87"E
11276;8050;776;Brno - Kohoutovice, Žebìtínská 72-82, panelák, ex 1228x;49°11'48.56"N,16°31'52.87"E
11277;8040;779;Brno - Veveøí, Zahradníkova 299/10 x Kounicova, bytový dùm, ex 1350x (+TMO);49°12'24.61"N,16°35'47.35"E
11278;8040;826;Brno - Veveøí, Zahradníkova 299/10 x Kounicova, bytový dùm, ex 1350x (+TMO);49°12'24.61"N,16°35'47.35"E
11279;8040;822;Brno - Veveøí, Zahradníkova 299/10 x Kounicova, bytový dùm, ex 1350x (+TMO);49°12'24.61"N,16°35'47.35"E
11284;8040;819;Brno - Veveøí, Žižkova 511/17, zadní budova FAST VUT, maskováno, ex 1399x (+O2);49°12'21.29"N,16°35'25.15"E
11285;8040;815;Brno - Veveøí, Žižkova 511/17, zadní budova FAST VUT, maskováno, ex 1399x (+O2);49°12'21.29"N,16°35'25.15"E
11286;8040;786;Brno - Veveøí, Žižkova 511/17, zadní budova FAST VUT, maskováno, ex 1399x (+O2);49°12'21.29"N,16°35'25.15"E
13401;8050;1;Brno - Brnìnské Ivanovice, Kaštanová 506/50, MAKRO, indoor (+TMO);49°09'44.41"N,16°38'22.93"E
13411;8050;777;Brno - Dolní Heršpice, Vídeòská 132/100, OC Futurum, indoor, (+TMO,+O2);49°09'20.73"N,16°35'52.47"E
16614;8030;777;Brno - Èerná Pole, Bieblova 164/22, panelák, ex 1273x;49°13'02.46"N,16°37'01.24"E
16615;8030;781;Brno - Èerná Pole, Bieblova 164/22, panelák, ex 1273x;49°13'02.46"N,16°37'01.24"E
16616;8030;796;Brno - Èerná Pole, Bieblova 164/22, panelák, ex 1273x;49°13'02.46"N,16°37'01.24"E
16617;8030;786;Brno - Líšeò, Horníkova 2139/26, panelák, ex 1291x;49°12'43.31"N,16°40'50.35"E
16618;8030;790;Brno - Líšeò, Horníkova 2139/26, panelák, ex 1291x;49°12'43.31"N,16°40'50.35"E
16619;8030;781;Brno - Líšeò, Horníkova 2139/26, panelák, ex 1291x;49°12'43.31"N,16°40'50.35"E
16624;8050;820;Brno - Slatina, Hviezdoslavova (x Bìlohorská), vozovna DPMB, ex 1225x (+O2);49°11'03.10"N,16°40'09.48"E
16625;8050;795;Brno - Slatina, Hviezdoslavova (x Bìlohorská), vozovna DPMB, ex 1225x (+O2);49°11'03.10"N,16°40'09.48"E
16626;8050;813;Brno - Slatina, Hviezdoslavova (x Bìlohorská), vozovna DPMB, ex 1225x (+O2);49°11'03.10"N,16°40'09.48"E
16627;8050;781;Brno - Tuøany, letištì Brno, komín v areálu, ex 1014x (+GSM);49°09'19.18"N,16°41'23.73"E
16628;8050;814;Brno - Tuøany, letištì Brno, komín v areálu, ex 1014x (+GSM);49°09'19.18"N,16°41'23.73"E
16629;8050;789;Brno - Tuøany, letištì Brno, komín v areálu, ex 1014x (+GSM);49°09'19.18"N,16°41'23.73"E
16634;8050;5;Brno - Tuøany, letištì Brno, komín v areálu, ex 1014x (+DCS);49°09'19.18"N,16°41'23.73"E
16635;8050;7;Brno - Tuøany, letištì Brno, komín v areálu, ex 1014x (+DCS);49°09'19.18"N,16°41'23.73"E
16636;8050;16;Brno - Tuøany, letištì Brno, komín v areálu, ex 1014x (+DCS);49°09'19.18"N,16°41'23.73"E
16637;8040;789;Brno - Židenice, M. Kudeøíkové 3844/4, panelák, ex 1238x;49°11'20.31"N,16°39'30.43"E
16638;8040;780;Brno - Židenice, M. Kudeøíkové 3844/4, panelák, ex 1238x;49°11'20.31"N,16°39'30.43"E
16639;8040;791;Brno - Židenice, M. Kudeøíkové 3844/4, panelák, ex 1238x;49°11'20.31"N,16°39'30.43"E
16644;8030;786;Brno - Královo Pole, Purkyòova 2150/105, Technické Muzeum, ex 1235x (+TMO);49°13'42.18"N,16°34'53.07"E
16645;8030;819;Brno - Královo Pole, Purkyòova 2150/105, Technické Muzeum, ex 1235x (+TMO);49°13'42.18"N,16°34'53.07"E
16646;8030;788;Brno - Královo Pole, Purkyòova 2150/105, Technické Muzeum, ex 1235x (+TMO);49°13'42.18"N,16°34'53.07"E
16647;8050;779;Brno - Bystrc, Rerychova 1073/16, panelák, ex 1274x;49°12'59.06"N,16°30'19.19"E
16648;8050;792;Brno - Bystrc, Rerychova 1073/16, panelák, ex 1274x;49°12'59.06"N,16°30'19.19"E
16649;8050;784;Brno - Bystrc, Rerychova 1073/16, panelák, ex 1274x;49°12'59.06"N,16°30'19.19"E
31871;8030;786;Brno - Ponava, Botanická 554/68a, budova Fakulty informatiky MU (+O2);49°12'35.71"N,16°35'58.75"E
31872;8030;814;Brno - Ponava, Botanická 554/68a, budova Fakulty informatiky MU (+O2);49°12'35.71"N,16°35'58.75"E
31873;8030;788;Brno - Ponava, Botanická 554/68a, budova Fakulty informatiky MU (+O2);49°12'35.71"N,16°35'58.75"E
31911;8050;820;Brno - Horní Heršpice, Traová 574/1, Techniserv Net (+O2);49°09'46.39"N,16°35'33.99"E
31912;8050;817;Brno - Horní Heršpice, Traová 574/1, Techniserv Net (+O2);49°09'46.39"N,16°35'33.99"E
31913;8050;792;Brno - Horní Heršpice, Traová 574/1, Techniserv Net (+O2);49°09'46.39"N,16°35'33.99"E
31921;8040;830;Brno - Štýøice, Londýnské námìstí 856/2, Brno Business Park, budova B (+O2);49°10'18.83"N,16°35'57.16"E
31922;8040;828;Brno - Štýøice, Londýnské námìstí 856/2, Brno Business Park, budova B (+O2);49°10'18.83"N,16°35'57.16"E
31923;8040;812;Brno - Štýøice, Londýnské námìstí 856/2, Brno Business Park, budova B (+O2);49°10'18.83"N,16°35'57.16"E
31951;8040;828;Brno - Štýøice, Havlenova 75/22, panelák;49°10'45.48"N,16°35'48.60"E
31952;8040;777;Brno - Štýøice, Havlenova 75/22, panelák;49°10'45.48"N,16°35'48.60"E
31953;8040;816;Brno - Štýøice, Havlenova 75/22, panelák;49°10'45.48"N,16°35'48.60"E
32011;8050;21;Brno - Líšeò, Jateèní, pøíhradový st.;49°12'02.43"N,16°42'52.22"E
32012;8050;10;Brno - Líšeò, Jateèní, pøíhradový st.;49°12'02.43"N,16°42'52.22"E
32021;8050;776;Brno - Líšeò, Jateèní, pøíhradový st.;49°12'02.43"N,16°42'52.22"E
32022;8050;823;Brno - Líšeò, Jateèní, pøíhradový st.;49°12'02.43"N,16°42'52.22"E
32441;8040;783;Brno - Židenice, Táborská 135/171, bytový dùm;49°11'35.48"N,16°38'18.16"E
32442;8040;795;Brno - Židenice, Táborská 135/171, bytový dùm;49°11'35.48"N,16°38'18.16"E
32443;8040;821;Brno - Židenice, Táborská 135/171, bytový dùm;49°11'35.48"N,16°38'18.16"E
32541;8050;815;Brno - Holásky, Požární 32/1, ZŠ (+TMO);49°08'35.01"N,16°39'04.65"E
32542;8050;782;Brno - Holásky, Požární 32/1, ZŠ (+TMO);49°08'35.01"N,16°39'04.65"E
32543;8050;797;Brno - Holásky, Požární 32/1, ZŠ (+TMO);49°08'35.01"N,16°39'04.65"E
36711;8050;829;Brno - Dolní Heršpice, Pìstitelská, pøíhradový stožár nedaleko øeky;49°09'02.60"N,16°37'33.90"E
36712;8050;832;Brno - Dolní Heršpice, Pìstitelská, pøíhradový stožár nedaleko øeky;49°09'02.60"N,16°37'33.90"E
36713;8050;863;Brno - Dolní Heršpice, Pìstitelská, pøíhradový stožár nedaleko øeky;49°09'02.60"N,16°37'33.90"E
37171;8050;831;Brno - Bohunice, Netroufalky 770, OC Campus Square;49°10'39.00"N,16°33'58.00"E
37174;8050;5;Brno - Bohunice, Netroufalky 770, OC Campus Square, indoor;49°10'39.00"N,16°33'58.00"E
37271;8030;17;Brno - Královo Pole, Porgesova, bývalá chladicí vìž s reklamou Globus;49°13'11.81"N,16°36'25.26"E
37272;8030;19;Brno - Královo Pole, Porgesova, bývalá chladicí vìž s reklamou Globus;49°13'11.81"N,16°36'25.26"E
37273;8030;14;Brno - Královo Pole, Porgesova, bývalá chladicí vìž s reklamou Globus;49°13'11.81"N,16°36'25.26"E
37274;8030;830;Brno - Královo Pole, Porgesova, bývalá chladicí vìž s reklamou Globus;49°13'11.81"N,16°36'25.26"E
37275;8030;781;Brno - Královo Pole, Porgesova, bývalá chladicí vìž s reklamou Globus;49°13'11.81"N,16°36'25.26"E
37276;8030;788;Brno - Královo Pole, Porgesova, bývalá chladicí vìž s reklamou Globus;49°13'11.81"N,16°36'25.26"E
37341;8040;832;Brno - Štýøice, Holandská 879/4, admin. budova (+TMO);49°10'50.28"N,16°36'20.58"E
37342;8040;779;Brno - Štýøice, Holandská 879/4, admin. budova (+TMO);49°10'50.28"N,16°36'20.58"E
37343;8040;818;Brno - Štýøice, Holandská 879/4, admin. budova (+TMO);49°10'50.28"N,16°36'20.58"E
37991;8050;831;Brno - Knínièky, pøíhradový stožár nad obcí (+TMO);49°14'14.00"N,16°31'19.00"E
37992;8050;788;Brno - Knínièky, pøíhradový stožár nad obcí (+TMO);49°14'14.00"N,16°31'19.00"E
